form	lemma	POS	morph
ཀརྨ་པ་	ཀརྨ་པ་	NO_POS
སྐུ་ཕྲེང་	སྐུ་ཕྲེང་	NOUN
དྲུག་པ་	དྲུག་པ་	NUM
རྗེ་	རྗེ་	NO_POS
མཐོང་བ་	མཐོང་བ་	VERB
དོན་ལྡན་	དོན་ལྡན་	ADJ
གྱི་	གི་	PART
ལོ་རྒྱུས་	ལོ་རྒྱུས་	NOUN
། ༄༅། །		PUNCT
ན་རིམ་	ན་རིམ་	OTHER
དྲུག་པ་	དྲུག་པ་	NUM
རྗེ་	རྗེ་	NO_POS
མཐོང་བ་	མཐོང་བ་	VERB
དོན་ལྡན་	དོན་ལྡན་	ADJ
ནི་	ནི་	NO_POS
།		PUNCT
སྔོན་	སྔོན་	ADV
ཆོ་	ཆོ་	NOUN
ཀྱི་	གི་	PART
རྗེས་	རྗེས་	NOUN
མདོ་ཁམས་	མདོ་ཁམས་	OTHER
ཀརྨ་	ཀརྨ་	NO_POS
འི་	གི་	PART
ཉེ་ལོགས་	ཉེ་ལོགས་	NOUN
སུ་	ལ་	PART
འདུན་པ་	འདུན་པ་	PROPN
གཏད་	གཏད་	VERB
ཟིན་	ཟིན་	VERB
གསུངས་པ་	གསུངས་པ་	VERB
དང་	དང་	NO_POS
ཁམས་	ཁམས་	NOUN
ཀྱི་	གི་	PART
སྤྱན་	སྤྱན་	NOUN
འདྲེན་པ་	འདྲེན་པ་	VERB
རྣམས་	རྣམས་	DET
ལ་	ལ་	PART
མདོ་ཁམས་	མདོ་ཁམས་	OTHER
ཉིད་	ཉིད་	DET
དུ་	ལ་	PART
མྱུར་	མྱུར་	VERB
དུ་	ལ་	PART
འཕྲད་པ་	འཕྲད་པ་	VERB
ར་	ལ་	PART
བྱ་	བྱ་	VERB
འོ་	གོ་	PART
། །		PUNCT
ཞེས་་	ཞེས་པ་	PART
བཀའ་	བཀའ་	NOUN
སྩལ་པ་	སྩལ་པ་	VERB
ལྟ་	ལྟ་	OTHER
ཀརྨ་	ཀརྨ་	NO_POS
དང་	དང་	NO_POS
ཉེ་བ་	ཉེ་བ་	VERB
ངོམ་	ངོམ་	NO_POS
སྟོད་	སྟོད་	NOUN
བཤེས་	བཤེས་	VERB
སྐྱམ་		NON_WORD
ཞེས་་	ཞེས་པ་	PART
འི་	གི་	PART
ས་	ས་	ADP
འི་	གི་	PART
ཆ་	ཆ་	NOUN
ར་	ལ་	PART
།		PUNCT
ཡབ་	ཡབ་	NOUN
གོ་འཇོ་	གོ་འཇོ་	OTHER
བསམ་གྲུབ་	བསམ་གྲུབ་	PROPN
རྡོ་རྗེ་	རྡོ་རྗེ་	NOUN
དང་	དང་	NO_POS
ཡུམ་	ཡུམ་	NOUN
སྡོང་	སྡོང་	NO_POS
བཟའ་	བཟའ་	NOUN
པདྨ་	པདྨ་	NOUN
མཚོ་	མཚོ་	NOUN
གཉིས་	གཉིས་	NUM
ཀྱི་	གི་	PART
སྲ་	སྲ་	NOUN
སུ་	ལ་	PART
སྤྲེ་	སྤྲེ་	NO_POS
ལོ་ཟླ་བ་	ལོ་ཟླ་བ་	OTHER
གཉིས་པ་	གཉིས་པ་	NUM
འི་	གི་	PART
ཚེ་	ཚེ་	NOUN
བརྒྱད་	བརྒྱད་	NUM
ལ་	ལ་	PART
སྐུ་	སྐུ་	NOUN
འཁྲུངས་	འཁྲུངས་	NO_POS
།		PUNCT
ཙོག་པུ་	ཙོག་པུ་	NO_POS
ར་	ལ་	PART
བཞུགས་	བཞུགས་	VERB
ཏེ་	སྟེ་	PART
ཡུམ་	ཡུམ་	NOUN
ལ་	ལ་	PART
གཟིགས་	གཟིགས་	VERB
ཤིང་	ཅིང་	PART
བཞད་	བཞད་	VERB
།		PUNCT
དྲི་བཟང་	དྲི་བཟང་	NOUN
གིས་	གིས་	PART
ཡུལ་	ཡུལ་	NOUN
ཐམས་ཅད་	ཐམས་ཅད་	DET
ཁྱབ་	ཁྱབ་	VERB
།		PUNCT
ཡབ་	ཡབ་	NOUN
ཀྱི་	གི་	PART
རྨང་ལམ་	རྨང་ལམ་	NO_POS
དུ་	ལ་	PART
སྐྱེ་ཤིང་	སྐྱེ་ཤིང་	NO_POS
ཞིག་	ཅིག་	PART
བཙུག་པ་	བཙུག་པ་	NON_WORD
དཔག་བསམ་	དཔག་བསམ་	OTHER
གྱི་	གི་	PART
ཤིང་	ཅིང་	PART
དུ་	ལ་	PART
གྱུར་	གྱུར་	VERB
ན་	ནས་	PART
ལོ་འདབ་	ལོ་འདབ་	NOUN
ཀྱིས་	གིས་	PART
འཇིག་རྟེན་	འཇིག་རྟེན་	NOUN
ཁྱབ་པ་	ཁྱབ་པ་	VERB
དང་	དང་	NO_POS
།		PUNCT
ཡུམ་	ཡུམ་	NOUN
གྱི་	གི་	PART
རྨང་ལམ་	རྨང་ལམ་	NO_POS
དུ་	ལ་	PART
ཕྲག་གོང་	ཕྲག་གོང་	NO_POS
དུ་	ལ་	PART
ཉི་ཟླ་	ཉི་ཟླ་	NOUN
ས་	གིས་	PART
བརྒྱན་པ་	བརྒྱན་པ་	VERB
།		PUNCT
ཉི་ཟླ་	ཉི་ཟླ་	NOUN
གཉིས་	གཉིས་	NUM
ཁོང་	ཁོང་	PRON
དུ་	ལ་	PART
ཞུགས་པ་	ཞུགས་པ་	VERB
།		PUNCT
དུང་	དུང་	NOUN
དཀར་གཡ་	དཀར་གཡའ་	NO_POS
ས་	གིས་	PART
འཁྱིལ་	འཁྱིལ་	NO_POS
ཆེན་པོ་	ཆེན་པོ་	ADJ
ཞིག་	ཅིག་	PART
བུས་པ་	བུས་པ་	VERB
ས་	གིས་	PART
ཁམས་	ཁམས་	NOUN
གསུམ་	གསུམ་	NUM
དུ་	ལ་	PART
གྲགས་པ་	གྲགས་པ་	VERB
སོགས་	སོགས་	DET
རྨིས་པ་	རྨིས་པ་	VERB
རྣམས་	རྣམས་	DET
བྱིས་པ་	བྱིས་པ་	NOUN
ར་	ལ་	PART
ཞུས་པ་	ཞུས་པ་	VERB
ས་	གིས་	PART
རྨི་ལམ་	རྨི་ལམ་	NOUN
གྱི་	གི་	PART
བརྡ་	བརྡ་	NOUN
བཀྲོལ་	བཀྲོལ་	VERB
རྣམས་	རྣམས་	DET
རྒྱས་པ་	རྒྱས་པ་	VERB
ར་	ལ་	PART
གསུངས་	གསུངས་	VERB
ངོམ་པ་	ངོམ་པ་	VERB
བྱ་བྲལ་བ་	བྱ་བྲལ་བ་	PROPN
ལ་	ལ་	PART
ཡང་སྤྲུལ་བ་	ཡང་སྤྲུལ་བ་	OTHER
འི་	གི་	PART
སྐུ་	སྐུ་	NOUN
འཁྲུངས་པ་	འཁྲུངས་པ་	VERB
འི་	གི་	PART
ལྟ་	ལྟ་	NOUN
བྱུང་	བྱུང་	VERB
།		PUNCT
སྐུ་བལྟམས་	སྐུ་བལྟམས་	NO_POS
ན་	ནས་	PART
ཟླ་བ་	ཟླ་བ་	NOUN
གཅིག་	གཅིག་	NUM
དང་	དང་	NO_POS
ཞག་	ཞག་	NOUN
བཞི་	བཞི་	NUM
སོང་བ་	སོང་བ་	VERB
ར་	ལ་	PART
ཡབ་ཡུམ་	ཡབ་ཡུམ་	NOUN
རྣམས་	རྣམས་	DET
རྣམ་རྒྱལ་	རྣམ་རྒྱལ་	NOUN
སྒང་	སྒང་	NOUN
དུ་	ལ་	PART
སློང་མོ་	སློང་མོ་	NOUN
ར་	ལ་	PART
བྱོན་པ་	བྱོན་པ་	VERB
ས་	གིས་	PART
ངོམ་པ་	ངོམ་པ་	VERB
བྱ་བྲལ་བ་	བྱ་བྲལ་བ་	PROPN
གཟིགས་	གཟིགས་	VERB
མ་	མ་	PART
ཐག་	ཐག་	VERB
མཉེས་པ་	མཉེས་པ་	VERB
འི་	གི་	PART
རྣམ་འགྱུར་	རྣམ་འགྱུར་	NOUN
དུ་མ་	དུ་མ་	ADJ
མཛད་	མཛད་	VERB
ན་	ནས་	PART
ཨཱ་ལི་	ཨཱ་ལི་	NOUN
ཀཱ་ལི་	ཀཱ་ལི་	OTHER
གསུངས་	གསུངས་	VERB
།		PUNCT
ཁོང་	ཁོང་	PRON
གི་	གི་	PART
བྱིས་པ་	བྱིས་པ་	NOUN
དེ་	སྟེ་	PART
དབེན་པ་	དབེན་པ་	VERB
ར་	ལ་	PART
ཁྲིད་	ཁྲིད་	VERB
ན་	ནས་	PART
ཁྱོད་	ཁྱོད་	PRON
སུ་	ལ་	PART
ཡིན་	ཡིན་	NO_POS
སྨྲོས་	སྨྲོས་	VERB
ཞེ་	ཅེས་	PART
དྲིས་པ་	དྲིས་པ་	VERB
ས་	གིས་	PART
།		PUNCT
བྱ་བྲལ་བ་	བྱ་བྲལ་བ་	PROPN
འི་	གི་	PART
མཛུབ་མོ་	མཛུབ་མོ་	NOUN
ར་	ལ་	PART
བཟུང་	བཟུང་	NO_POS
ན་	ནས་	PART
།		PUNCT
ང་	ང་	PRON
ནི་	ནི་	NO_POS
སྐྱེ་	སྐྱེ་	NOUN
མེད་	མེད་	VERB
བརྗོད་པ་	བརྗོད་པ་	VERB
ཀུན་	ཀུན་	DET
དང་	དང་	NO_POS
བྲལ་	བྲལ་	VERB
།།		PUNCT
གནས་	གནས་	NOUN
མེད་	མེད་	VERB
གནས་	གནས་	NOUN
བྲལ་	བྲལ་	VERB
འཁོར་བ་	འཁོར་བ་	NOUN
འི་	གི་	PART
འགྲོ་བ་	འགྲོ་བ་	VERB
རྣམས་	རྣམས་	DET
།།		PUNCT
མ་	མ་	PART
ལུས་	ལུས་	NOUN
ཐར་པ་	ཐར་པ་	VERB
འི་	གི་	PART
གནས་	གནས་	NOUN
སུ་	ལ་	PART
འདྲེན་པ་	འདྲེན་པ་	VERB
འི་	གི་	PART
ཕྱི་	ཕྱི་	OTHER
།།		PUNCT
སྐྱེ་འགྲོ་	སྐྱེ་འགྲོ་	NOUN
ཀུན་	ཀུན་	DET
གྱི་	གི་	PART
དཔལ་	དཔལ་	OTHER
དུ་	ལ་	PART
བདག་	བདག་	PRON
འགྱུར་	འགྱུར་	VERB
ཏོ་	གོ་	PART
།།		PUNCT
ན་མ་	ན་མ་	PROPN
ཚར་བ་	ཚར་བ་	VERB
ར་	ལ་	PART
ཡུལ་	ཡུལ་	NOUN
གཞན་	གཞན་	DET
མི་	མི་	PART
སྤོ་	སྤོ་	VERB
འདུག་	འདུག་	VERB
།		PUNCT
ཅེས་པ་	ཅེས་པ་	PART
འི་	གི་	PART
ཚིག་	ཚིག་	NOUN
འདི་	འདི་	DET
རེ་ཞིག་	རེ་ཞིག་	NO_POS
གསང་	གསང་	VERB
གསུངས་པ་	གསུངས་པ་	VERB
ས་	གིས་	PART
སྤྲུལ་པ་	སྤྲུལ་པ་	VERB
འི་	གི་	PART
སྐུ་	སྐུ་	NOUN
ཡིན་པ་	ཡིན་པ་	AUX
ར་	ལ་	PART
ཐག་	ཐག་	VERB
ཆོད་	ཆོད་	VERB
དེ་	སྟེ་	PART
ཞབས་ཏོག་	ཞབས་ཏོག་	NOUN
མཛད་	མཛད་	VERB
།		PUNCT
ཟླ་བ་	ཟླ་བ་	NOUN
བདུན་	བདུན་	NUM
བཞེས་པ་	བཞེས་པ་	VERB
ན་	ལ་	PART
ཁྲི་	ཁྲི་	NUM
ཐོག་	ཐོག་	NOUN
ཏུ་	ལ་	PART
བཞུགས་	བཞུགས་	VERB
ན་	ནས་	PART
སངས་རྒྱས་	སངས་རྒྱས་	NOUN
ཀྱི་	གི་	PART
མཚན་	མཚན་	NOUN
མང་པོ་	མང་པོ་	ADJ
གསུངས་	གསུངས་	VERB
།		PUNCT
ཡིག་དྲུག་	ཡིག་དྲུག་	NO_POS
གི་	གི་	PART
སྒོམ་	སྒོམ་	VERB
ལུང་	ལུང་	NOUN
མཛད་	མཛད་	VERB
།		PUNCT
ཉ་	ཉ་	NOUN
ཁང་	ཁང་	NOUN
དུ་	ལ་	PART
སྤྱན་	སྤྱན་	NOUN
དྲངས་པ་	དྲངས་པ་	VERB
ས་	གིས་	PART
རྟེན་	རྟེན་	NOUN
རྣམས་	རྣམས་	DET
ལ་	ལ་	PART
གཟིགས་	གཟིགས་	VERB
།		PUNCT
ཁྱད་པར་	ཁྱད་པར་	NOUN
ཞྭ་ནག་	ཞྭ་ནག་	NO_POS
ཅན་	ཅན་	PART
ལ་	ལ་	PART
གཟིགས་	གཟིགས་	VERB
ཞིང་	ཅིང་	PART
བཞད་པ་	བཞད་པ་	PROPN
ས་	གིས་	PART
དེ་	སྟེ་	PART
སུ་	ལ་	PART
ལགས་	ལགས་	AUX
ཞུས་པ་	ཞུས་པ་	VERB
ས་	གིས་	PART
ཐུགས་ཀ་	ཐུགས་ཀ་	NOUN
ར་	ལ་	PART
ཕྱག་	ཕྱག་	NOUN
མཛུབ་བཙུགས་	མཛུབ་བཙུགས་	NO_POS
ན་	ནས་	PART
ང་	ང་	PRON
ཡིན་	ཡིན་	NO_POS
ཞེ་	ཅེས་	PART
བསྐྱོར་	བསྐྱོར་	NO_POS
ན་	ནས་	PART
གསུངས་	གསུངས་	VERB
།		PUNCT
བླ་མ་	བླ་མ་	NOUN
གཅོད་	གཅོད་	NO_POS
དིག་པ་	དིག་པ་	NO_POS
ལ་	ལ་	PART
དག་སྣང་	དག་སྣང་	NOUN
མང་	མང་	VERB
དུ་	ལ་	PART
ཤར་བ་	ཤར་བ་	VERB
ས་	གིས་	PART
དད་པ་	དད་པ་	VERB
ཐོབ་	ཐོབ་	VERB
སྟེ་	སྟེ་	PART
ཐམས་ཅད་	ཐམས་ཅད་	DET
ལ་	ལ་	PART
སྤྲུལ་པ་	སྤྲུལ་པ་	VERB
འི་	གི་	PART
སྐུ་	སྐུ་	NOUN
བྱོན་པ་	བྱོན་པ་	VERB
ར་	ལ་	PART
བསྒྲགས་	བསྒྲགས་	NO_POS
།		PUNCT
ཀརྨ་	ཀརྨ་	NO_POS
ན་	ནས་	PART
གཉེར་པ་	གཉེར་པ་	VERB
ཇ་འདྲེན་	ཇ་འདྲེན་	NO_POS
ལ་	ལ་	PART
འོང་བ་	འོང་བ་	VERB
འི་	གི་	PART
མིང་	མིང་	NOUN
ན་	ནས་	PART
བོ་	བོ་	VERB
།		PUNCT
ཀརྨ་	ཀརྨ་	NO_POS
ར་	ལ་	PART
ཕེབས་	ཕེབས་	NO_POS
དུས་	དུས་	NOUN
ཕྱག་	ཕྱག་	NOUN
ན་	ནས་	PART
འཐོར་བ་	འཐོར་བ་	VERB
ས་	གིས་	PART
འབྲུམ་	འབྲུམ་	NO_POS
ཡམས་	ཡམས་	NO_POS
ཆད་	ཆད་	VERB
།		PUNCT
མར་མེ་	མར་མེ་	NOUN
འི་	གི་	PART
སྡོང་བུ་	སྡོང་བུ་	NOUN
འི་	གི་	PART
རྩེ་		
སྤྱན་རས་	སྤྱན་རས་	NO_POS
གཟིགས་	གཟིགས་	VERB
རྒྱལ་བ་	རྒྱལ་བ་	NOUN
རྒྱ་མཚོ་	རྒྱ་མཚོ་	NOUN
ཞལ་གཟིགས་	ཞལ་གཟིགས་	NO_POS
།		PUNCT
ཐང་སྐུ་	ཐང་སྐུ་	NO_POS
ཞིག་	ཅིག་	PART
ལ་	ལ་	PART
ཕྱག་	ཕྱག་	NOUN
ན་	ནས་	PART
གནང་	གནང་	NO_POS
བ་	བ་	ADP
ན་	ནས་	PART
འབྲུ་	འབྲུ་	NOUN
བདུན་	བདུན་	NUM
ཆགས་	ཆགས་	VERB
།		PUNCT
སྔོན་	སྔོན་	ADV
གནས་	གནས་	NOUN
རྗེས་དྲན་	རྗེས་དྲན་	OTHER
དང་	དང་	NO_POS
མ་འོངས་	མ་འོངས་	NOUN
ལུང་བསྟན་	ལུང་བསྟན་	NOUN
དུ་མ་	དུ་མ་	ADJ
གསུངས་པ་	གསུངས་པ་	VERB
ས་	གིས་	PART
ཐམས་ཅད་	ཐམས་ཅད་	DET
ཡིད་ཆེས་	ཡིད་ཆེས་	NOUN
།		PUNCT
དྲུང་པ་	དྲུང་པ་	ADJ
ས་	གིས་	PART
ཐོག་མ་	ཐོག་མ་	NOUN
ར་	ལ་	PART
མཇལ་	མཇལ་	NO_POS
དུས་	དུས་	NOUN
ང་	ང་	OTHER
ཕྱག་མདུད་	ཕྱག་མདུད་	NO_POS
བྱིན་པ་	བྱིན་པ་	VERB
དེ་	སྟེ་	PART
ཡོད་	ཡོད་	VERB
དམ་	གམ་	PART
གསུངས་	གསུངས་	VERB
།		PUNCT
དེ་	སྟེ་	PART
བླངས་	བླངས་	VERB
ན་	ནས་	PART
ཕུལ་བ་	ཕུལ་བ་	VERB
ས་	གིས་	PART
ཧ་	ཧ་	VERB
གྱིས་	གིས་	PART
བཞེངས་	བཞེངས་	NO_POS
ཏེ་	སྟེ་	PART
སྐུ་	སྐུ་	NOUN
ལ་ཚད་པ་	ལ་ཚད་པ་	NO_POS
ན་	ལ་	PART
སྐུ་	སྐུ་	NOUN
བོངས་	བོངས་	NOUN
དང་	དང་	NO_POS
མཉམ་	མཉམ་	VERB
ཚད་པ་	ཚད་པ་	VERB
བྱུང་བ་	བྱུང་བ་	VERB
ས་	གིས་	PART
སྔོན་	སྔོན་	ADV
གྱི་	གི་	PART
ལུང་བསྟན་	ལུང་བསྟན་	NOUN
དུ་	ལ་	PART
དགོངས་	དགོངས་	VERB
ན་	ནས་	PART
སྤྱན་ཆབ་	སྤྱན་ཆབ་	NOUN
མང་	མང་	VERB
དུ་	ལ་	PART
བསིལ་	བསིལ་	NO_POS
ཤིང་	ཅིང་	PART
ཞབས་	ཞབས་	NOUN
ལ་	ལ་	PART
གཏུགས་	གཏུགས་	VERB
།		PUNCT
སླ་	སླ་	ADV
རྣམ་རྒྱལ་	རྣམ་རྒྱལ་	NOUN
སྒང་	སྒང་	NOUN
དུ་	ལ་	PART
ཕེབས་	ཕེབས་	NO_POS
།		PUNCT
ཁྲོ་	ཁྲོ་	VERB
ས་	གིས་	PART
ནག་	ནག་	VERB
དང་	དང་	NO_POS
།		PUNCT
རྒྱལ་བ་	རྒྱལ་བ་	NOUN
རྒྱ་མཚོ་	རྒྱ་མཚོ་	NOUN
།		PUNCT
མ་	མ་	PART
མགོན་	མགོན་	NOUN
གཉིས་	གཉིས་	NUM
གནས་བརྟན་	གནས་བརྟན་	NOUN
བཅུ་དྲུག་	བཅུ་དྲུག་	NO_POS
རྣམས་	རྣམས་	DET
ཞལ་གཟིགས་	ཞལ་གཟིགས་	NO_POS
།		PUNCT
རྟེན་	རྟེན་	NOUN
རྣམས་	རྣམས་	DET
ལ་	ལ་	PART
རབ་གནས་	རབ་གནས་	NOUN
མཛད་	མཛད་	VERB
སྐབས་	སྐབས་	NOUN
ན་	ནས་	PART
འབྲུ་	འབྲུ་	NOUN
རྣམས་	རྣམས་	DET
ནམ་མཁ་	ནམ་མཁའ་	NOUN
ར་	ལ་	PART
ཆགས་པ་	ཆགས་པ་	VERB
དང་	དང་	NO_POS
།		PUNCT
རྟེན་	རྟེན་	NOUN
ལ་	ལ་	PART
ཟུག་པ་	ཟུག་པ་	VERB
སོགས་	སོགས་	DET
བྱུང་	བྱུང་	VERB
།		PUNCT
ཐན་པ་	ཐན་པ་	NO_POS
ཆེན་པོ་	ཆེན་པོ་	ADJ
བྱུང་	བྱུང་	VERB
དུས་	དུས་	NOUN
ཆུ་རྩེད་	ཆུ་རྩེད་	NO_POS
ཀྱི་	གི་	PART
རྣམ་པ་	རྣམ་པ་	NOUN
དང་	དང་	NO_POS
བདེན་	བདེན་	VERB
སྟོབས་	སྟོབས་	NOUN
བརྗོད་པ་	བརྗོད་པ་	VERB
འི་	གི་	PART
མོད་	མོད་	VERB
ལ་ཆ་	ལ་ཆ་	PROPN
ར་	ལ་	PART
ཆེན་	ཆེན་	NO_POS
བབ་	བབ་	VERB
།		PUNCT
དེ་ནས་	དེ་ནས་	NO_POS
ཀརྨ་	ཀརྨ་	NO_POS
ར་	ལ་	PART
ཕེབས་	ཕེབས་	NO_POS
།		PUNCT
མཁས་གྲུབ་	མཁས་གྲུབ་	NOUN
ཆེན་པོ་	ཆེན་པོ་	ADJ
འཇམ་དབྱངས་	འཇམ་དབྱངས་	PROPN
གྲགས་པ་	གྲགས་པ་	VERB
དཔོན་སློབ་	དཔོན་སློབ་	NOUN
རྣམས་	རྣམས་	DET
ཕེབས་	ཕེབས་	NO_POS
།		PUNCT
འབུལ་	འབུལ་	NO_POS
ཞབས་	ཞབས་	NOUN
ཆེན་པོ་	ཆེན་པོ་	ADJ
ཕུལ་	ཕུལ་	VERB
།		PUNCT
མཁན་ཆེན་	མཁན་ཆེན་	OTHER
མགོ་	མགོ་	NOUN
བློན་པ་	བློན་པ་	NO_POS
ལ་	ལ་	PART
ཐུགས་རྗེ་	ཐུགས་རྗེ་	NOUN
ཆེན་པོ་	ཆེན་པོ་	ADJ
ས་	གིས་	PART
ལུང་བསྟན་	ལུང་བསྟན་	NOUN
བྱུང་	བྱུང་	VERB
ན་	ནས་	PART
སྒར་་	སྒར་པ་	
རྣམས་	རྣམས་	DET
ལ་ད་	ལ་ད་	PROPN
ར་	ལ་	PART
ཆེན་	ཆེན་	NO_POS
ཁ་	ཁ་	PRON
རེ་	རེ་	DET
བཀྱེས་	བཀྱེས་	NO_POS
།		PUNCT
ང་	ང་	PRON
ཡི་	གི་	PART
བླ་མ་	བླ་མ་	NOUN
ཁམས་	ཁམས་	NOUN
ན་	ལ་	PART
ཡབ་ཡུམ་	ཡབ་ཡུམ་	NOUN
འདི་	འདི་	DET
དང་	དང་	NO_POS
འདི་	འདི་	DET
ཞེ་	ཅེས་	PART
བྱ་བ་	བྱ་བ་	VERB
སྐུ་	སྐུ་	NOUN
འཁྲུངས་	འཁྲུངས་	NO_POS
ཡོད་	ཡོད་	VERB
འདྲ་བ་	འདྲ་བ་	VERB
ས་	གིས་	PART
།		PUNCT
ང་	ང་	PRON
འི་	གི་	PART
བླ་མ་	བླ་མ་	NOUN
ཐུགས་	ཐུགས་	NOUN
ཆད་	ཆད་	VERB
ཀྱི་	གི་	PART
དོགས་	དོགས་	NO_POS
གསུངས་	གསུངས་	VERB
ཤིང་	ཅིང་	PART
དབུ་	དབུ་	NOUN
ན་	ནས་	PART
ཁམས་	ཁམས་	NOUN
སུ་	ལ་	PART
སྤྲུལ་པ་	སྤྲུལ་པ་	VERB
འི་	གི་	PART
སྐུ་	སྐུ་	NOUN
མཇལ་བ་	མཇལ་བ་	VERB
ར་	ལ་	PART
ཕེབ་པ་	ཕེབ་པ་	NO_POS
ས་	གིས་	PART
།		PUNCT
སྤྲུལ་བ་	སྤྲུལ་བ་	VERB
འི་	གི་	PART
སྐུ་	སྐུ་	VERB
ཀྱང་	ཀྱང་	PART
ངེད་	ངེད་	PRON
ཀྱི་	གི་	PART
ཕྱི་	ཕྱི་	NOUN
གཞི་	གཞི་	NOUN
ས་	གིས་	PART
ཡོང་	ཡོང་	NO_POS
གི་	གི་	PART
ཡོད་	ཡོད་	VERB
ཅེས་	ཅེས་	PART
གསུངས་	གསུངས་	VERB
།		PUNCT
ཀརྨ་	ཀརྨ་	NO_POS
འི་	གི་	PART
ཡང་	ཀྱང་	PART
དགོན་	དགོན་	OTHER
དུ་	ལ་	PART
མཇལ་	མཇལ་	NO_POS
།		PUNCT
ཆང་	ཆང་	NOUN
ཇ་	ཇ་	OTHER
འི་	གི་	PART
གྲལ་	གྲལ་	NOUN
དུ་	ལ་	PART
ཀརྨ་	ཀརྨ་	NO_POS
ཀུན་སྤངས་པ་	ཀུན་སྤངས་པ་	NO_POS
ས་	གིས་	PART
ཁྱེད་	ཁྱེད་	PRON
རང་	རང་	PRON
གིས་	གིས་	PART
ཐུགས་	ཐུགས་	NOUN
ལ་བཏགས་པ་	ལ་བཏགས་པ་	OTHER
ཞིག་	ཅིག་	PART
ལ་	ལ་	PART
གསོལ་རས་	གསོལ་རས་	NO_POS
གནང་བ་	གནང་བ་	NO_POS
ཞུ་	ཞུ་	VERB
ཞུས་པ་	ཞུས་པ་	VERB
ས་	གིས་	PART
།		PUNCT
སྟོན་པ་	སྟོན་པ་	NOUN
གསུང་	གསུང་	VERB
ན་	ནས་	PART
གནང་	གནང་	NO_POS
བ་	བ་	ADP
ཀུན་	ཀུན་	DET
ཡིད་ཆེས་པ་	ཡིད་ཆེས་པ་	NOUN
ར་	ལ་	PART
གྱུར་	གྱུར་	VERB
།		PUNCT
ཡུམ་	ཡུམ་	NOUN
འདའ་བ་	འདའ་བ་	VERB
ན་	ལ་	PART
དགའ་ལྡན་	དགའ་ལྡན་	PROPN
དུ་	ལ་	PART
ཕྲད་	ཕྲད་	VERB
དོ་	གོ་	PART
གསུངས་	གསུངས་	VERB
།		PUNCT
ལྷ་སྟེང་	ལྷ་སྟེང་	NO_POS
དུ་	ལ་	PART
ཟླ་བ་	ཟླ་བ་	NOUN
གཟ་	གཟའ་	NOUN
ས་	གིས་	PART
བཟུང་པ་	བཟུང་པ་	NO_POS
ན་	ལ་	PART
རྒྱ་ནག་	རྒྱ་ནག་	PROPN
རྒྱལ་པོ་	རྒྱལ་པོ་	NOUN
འི་	གི་	PART
ཞལ་རས་	ཞལ་རས་	NOUN
འདྲ་	འདྲ་	VERB
གསུངས་	གསུངས་	VERB
ཤིང་	ཅིང་	PART
དེ་	དེ་	DET
འི་	གི་	PART
ཚུལ་	ཚུལ་	NOUN
རྒྱས་པ་	རྒྱས་པ་	VERB
ར་	ལ་	PART
གསུངས་	གསུངས་	VERB
།		PUNCT
གོ་འཇོ་	གོ་འཇོ་	OTHER
བདག་པོ་	བདག་པོ་	NOUN
ས་	གིས་	PART
ཞྭ་ནག་	ཞྭ་ནག་	NO_POS
ལ་	ལ་	PART
བལྟས་་	བལྟས་པ་	VERB
ན་	ལ་	PART
།		PUNCT
འདི་	འདི་	DET
རྒྱ་	རྒྱ་	NOUN
ཞྭ་	ཞྭ་	NO_POS
མིན་	མིན་	AUX
ཧོར་	ཧོར་	PROPN
དུས་	དུས་	NOUN
ཀྱི་	གི་	PART
ཡིན་	ཡིན་	NO_POS
སོགས་	སོགས་	DET
སྔོན་མ་	སྔོན་མ་	ADV
ཐོས་པ་	ཐོས་པ་	VERB
དུ་མ་	དུ་མ་	ADJ
གསུངས་	གསུངས་	VERB
།		PUNCT
དགུང་ལོ་	དགུང་ལོ་	NOUN
གསུམ་	གསུམ་	NUM
མ་	མ་	PART
རྫོགས་པ་	རྫོགས་པ་	VERB
ཙམ་	ཙམ་	DET
ཡིན་ཡང་	ཡིན་ཡང་	NO_POS
སྐྱ་སེར་	སྐྱ་སེར་	NO_POS
ཁྲི་ཕྲག་	ཁྲི་ཕྲག་	NO_POS
མང་པོ་	མང་པོ་	ADJ
ར་	ལ་	PART
ཆོས་འབྲེལ་	ཆོས་འབྲེལ་	OTHER
ཐོག་མེད་	ཐོག་མེད་	PROPN
དུ་	ལ་	PART
གསུངས་	གསུངས་	VERB
བ་	བ་	ADP
།		PUNCT
ཁྲོམ་	ཁྲོམ་	NOUN
ཐམས་ཅད་	ཐམས་ཅད་	DET
ཀྱིས་	གིས་	PART
འཚམས་པ་	འཚམས་པ་	VERB
ར་	ལ་	PART
ཐོ་	ཐོ་	VERB
།		PUNCT
གཞན་	གཞན་	DET
ལ་	ལ་	PART
ཀུ་རེ་	ཀུ་རེ་	NOUN
དང་	དང་	NO_POS
ཅོ་	ཅོ་	NOUN
འདྲིའི་		NON_WORD
རྣམ་པ་	རྣམ་པ་	NOUN
ས་	གིས་	PART
ཆོ་	ཆོ་	NOUN
ཀྱི་	གི་	PART
ཚིགས་བཅད་	ཚིགས་བཅད་	NOUN
ཐོགས་མེད་	ཐོགས་མེད་	PROPN
དུ་	ལ་	PART
གསུངས་	གསུངས་	VERB
ཤིང་	ཅིང་	PART
སུ་	སུ་	ADP
ས་	གིས་	PART
ཀྱང་	ཀྱང་	PART
ལན་ལྡོན་པ་	ལན་ལྡོན་པ་	NO_POS
ར་	ལ་	PART
མི་	མི་	PART
སྤོབས་	སྤོབས་	VERB
།		PUNCT
དགའ་ལྡན་	དགའ་ལྡན་	PROPN
སོགས་	སོགས་	DET
དག་ཞིང་	དག་ཞིང་	NO_POS
གི་	གི་	PART
བཀོད་པ་	བཀོད་པ་	VERB
མཐའ་ཡས་པ་	མཐའ་ཡས་པ་	ADJ
གསུངས་	གསུངས་	VERB
།		PUNCT
འཇམ་དབྱངས་	འཇམ་དབྱངས་	PROPN
གྲགས་པ་	གྲགས་པ་	VERB
ལ་	ལ་	PART
།		PUNCT
ནི་གུ་	ནི་གུ་	NO_POS
མ་	མ་	PART
འི་	གི་	PART
ཆོས་སྐོར་	ཆོས་སྐོར་	NOUN
།		PUNCT
ཤང་	ཤང་	NO_POS
ཆོ་	ཆོ་	NOUN
རྒྱུད་སྡེ་	རྒྱུད་སྡེ་	NOUN
ལྔ་	ལྔ་	NUM
སོགས་	སོགས་	DET
།		PUNCT
ཞི་བྱེད་	ཞི་བྱེད་	NOUN
སོགས་	སོགས་	DET
དང་	དང་	NO_POS
།		PUNCT
མདོ་	མདོ་	NOUN
མང་	མང་	VERB
གི་	གི་	PART
ལུང་	ལུང་	NOUN
སོགས་	སོགས་	DET
གསན་	གསན་	NO_POS
ན་	ནས་	PART
མཁས་པ་	མཁས་པ་	VERB
ར་	ལ་	PART
གྱུར་པ་	གྱུར་པ་	VERB
འི་	གི་	PART
ཚུལ་	ཚུལ་	NOUN
བསྟན་	བསྟན་	VERB
།		PUNCT
རབ་འབྱམས་	རབ་འབྱམས་	ADJ
ཕྱོགས་	ཕྱོགས་	NOUN
བཅུ་	བཅུ་	NUM
མ་	མ་	PART
འི་	གི་	PART
བསྟོད་པ་	བསྟོད་པ་	VERB
མཛད་པ་	མཛད་པ་	VERB
ས་	གིས་	PART
ཐམས་ཅད་	ཐམས་ཅད་	DET
ངོ་མཚར་	ངོ་མཚར་	ADJ
།		PUNCT
སོག་	སོག་	VERB
དབོན་	དབོན་	NO_POS
བཀའ་	བཀའ་	NOUN
བཞི་པ་	བཞི་པ་	ADJ
ལ་	ལ་	ADP
ས་	གིས་	PART
ཕག་མོ་	ཕག་མོ་	PROPN
འི་	གི་	PART
དབང་	དབང་	NOUN
གསན་	གསན་	NO_POS
སྐབས་	སྐབས་	NOUN
རྡུལ་ཚོན་	རྡུལ་ཚོན་	NOUN
དཀྱིལ་འཁོར་	དཀྱིལ་འཁོར་	NOUN
སྟེང་	སྟེང་	NOUN
ན་	ནས་	PART
རྣལ་འབྱོར་	རྣལ་འབྱོར་	NOUN
མ་	མ་	PART
ལྷ་	ལྷ་	NOUN
ལྔ་	ལྔ་	NUM
ཞལ་གཟིགས་པ་	ཞལ་གཟིགས་པ་	NO_POS
སོགས་	སོགས་	DET
དག་པ་	དག་པ་	VERB
རབ་འབྱམས་	རབ་འབྱམས་	ADJ
སུ་	ལ་	PART
གཟིགས་	གཟིགས་	VERB
སྣང་	སྣང་	VERB
མཐའ་	མཐའ་	NOUN
ཡ་		
ཤིང་	ཅིང་	PART
།		PUNCT
དེ་ལྟ་	དེ་ལྟ་	NO_POS
དབང་	དབང་	NOUN
སྒྲུབ་ཐབས་	སྒྲུབ་ཐབས་	NOUN
ལུང་	ལུང་	NOUN
བཤད་པ་	བཤད་པ་	VERB
སོགས་	སོགས་	DET
མཐའ་དག་	མཐའ་དག་	DET
གསན་	གསན་	NO_POS
ཏེ་	སྟེ་	PART
།		PUNCT
དེ་ཡང་	དེ་ཡང་	ADV
མི་གཡོ་བ་	མི་གཡོ་བ་	NO_POS
དཀར་པོ་	དཀར་པོ་	ADJ
། །		PUNCT
རྒྱལ་བ་	རྒྱལ་བ་	NOUN
རྒྱ་མཚོ་	རྒྱ་མཚོ་	NOUN
ལྷ་	ལྷ་	NOUN
ལྔ་	ལྔ་	NUM
དགུ་	དགུ་	NUM
།		PUNCT
ཚེ་	ཚེ་	NOUN
དཔག་	དཔག་	VERB
ལྷ་	ལྷ་	NOUN
དགུ་	དགུ་	NUM
།		PUNCT
རྣམ་	རྣམ་	NOUN
འཇོམས་	འཇོམས་	NO_POS
དཀར་པོ་	དཀར་པོ་	ADJ
། །		PUNCT
སྒྲ་	སྒྲ་	NOUN
མི་	མི་	PART
སྙན་	སྙན་	NOUN
གྱི་	གི་	PART
ཚེ་	ཚེ་	NOUN
གཟུངས་	གཟུངས་	NOUN
།		PUNCT
ཐུགས་དམ་	ཐུགས་དམ་	NOUN
ལྔ་	ལྔ་	NUM
ཚན་	ཚན་	NOUN
ལྔ་	ལྔ་	NUM
།		PUNCT
རྣམ་	རྣམ་	NOUN
འཇོམས་བ་	འཇོམས་བ་	NO_POS
རི་	རི་	NOUN
ལུགས་	ལུགས་	NOUN
།		PUNCT
ཚེ་	ཚེ་	NOUN
དཔག་	དཔག་	VERB
གྲུབ་	གྲུབ་	VERB
རྒྱལ་མ་	རྒྱལ་མ་	OTHER
།		PUNCT
བདེ་མཆོག་	བདེ་མཆོག་	PROPN
ལཱུ་		NON_WORD
ཡི་པ་	ཡི་པ་	PART
།		PUNCT
ནག་པོ་པ་	ནག་པོ་པ་	ADJ
།		PUNCT
དྲིལ་བུ་པ་	དྲིལ་བུ་པ་	NOUN
།		PUNCT
མེ་	མེ་	NOUN
ཏྲི་	ཏྲི་	NO_POS
བཅུ་གསུམ་	བཅུ་གསུམ་	NO_POS
མ་	མ་	PART
།		PUNCT
དགྱེས་	དགྱེས་	NO_POS
རྡོ་		
རྔོག་	རྔོག་	PROPN
ལུགས་	ལུགས་	NOUN
།		PUNCT
རྟ་མགྲིན་	རྟ་མགྲིན་	PROPN
ཐུགས་	ཐུགས་	NOUN
དྲིལ་	དྲིལ་	VERB
།		PUNCT
གདུགས་དཀར་	གདུགས་དཀར་	NO_POS
བི་	བི་	NO_POS
མ་	མ་	PART
འི་	གི་	PART
ལུཌ་		NON_WORD
།		PUNCT
ཕྱག་རྡོར་	ཕྱག་རྡོར་	PROPN
གཏུམ་པོ་	གཏུམ་པོ་	ADJ
འི་	གི་	PART
རྗེས་གནང་	རྗེས་གནང་	NOUN
།		PUNCT
མ་	མ་	PART
མགོན་	མགོན་	NOUN
འཁོར་	འཁོར་	NOUN
ལྔ་	ལྔ་	NUM
འི་	གི་	PART
རྗེས་གནང་	རྗེས་གནང་	NOUN
།		PUNCT
རྡོ་		
ཕྲེང་	ཕྲེང་	OTHER
བླ་མེད་	བླ་མེད་	ADJ
ལྟ་	ལྟ་	OTHER
གྱི་	གི་	PART
དཀྱིལ་འཁོར་	དཀྱིལ་འཁོར་	NOUN
ཉེ་	ཉེ་	NUM
བརྒྱད་	བརྒྱད་	NUM
།		PUNCT
སྒྲུབ་ཐབས་	སྒྲུབ་ཐབས་	NOUN
བརྒྱ་	བརྒྱ་	NUM
རྒྱམ་	རྒྱམ་	NO_POS
གྱི་	གི་	PART
རྗེས་གནང་	རྗེས་གནང་	NOUN
།		PUNCT
རྫོགས་ཆེན་	རྫོགས་ཆེན་	NOUN
གསང་	གསང་	VERB
སྐོར་	སྐོར་	NOUN
།		PUNCT
མཁའ་འགྲོ་	མཁའ་འགྲོ་	NOUN
སྙིང་ཐིག་	སྙིང་ཐིག་	NOUN
།		PUNCT
བི་	བི་	NO_POS
མ་	མ་	PART
སྙིང་ཐིག་	སྙིང་ཐིག་	NOUN
།		PUNCT
སྲུང་བ་	སྲུང་བ་	VERB
ལྔ་	ལྔ་	NUM
འི་	གི་	PART
རིག་	རིག་	VERB
གཏད་	གཏད་	VERB
དང་	དང་	NO_POS
།		PUNCT
གདོང་	གདོང་	NOUN
དྲུག་	དྲུག་	NUM
གི་	གི་	PART
དབང་	དབང་	NOUN
།		PUNCT
རང་བྱུང་	རང་བྱུང་	NOUN
རྡོ་རྗེ་	རྡོ་རྗེ་	NOUN
འི་	གི་	PART
བཀའ་འབུམ་	བཀའ་འབུམ་	NOUN
ཚང་མ་	ཚང་མ་	OTHER
།		PUNCT
བ་	པ་	PART
མཁལ་མ་	མཁལ་མ་	NOUN
འི་	གི་	PART
གཞུང་	གཞུང་	NOUN
།		PUNCT
རོལ་པ་	རོལ་པ་	VERB
འི་	གི་	PART
རྡོ་རྗེ་	རྡོ་རྗེ་	NOUN
འི་	གི་	PART
བཀའ་འབུམ་	བཀའ་འབུམ་	NOUN
།		PUNCT
དེ་བཞིན་	དེ་བཞིན་	OTHER
གཤེགས་པ་	གཤེགས་པ་	VERB
འི་	གི་	PART
བཀའ་འབུམ་	བཀའ་འབུམ་	NOUN
རྣམས་	རྣམས་	DET
ཀྱི་	གི་	PART
ལུང་	ལུང་	NOUN
དང་	དང་	NO_POS
།		PUNCT
ནཱ་	ནཱ་	NO_POS
རོ་	རོ་	NOUN
ཆོ་	ཆོ་	NOUN
དྲུག་	དྲུག་	NUM
།		PUNCT
ཕྱག་	ཕྱག་	NOUN
ཆེན་	ཆེན་	NO_POS
ལྷན་ཅིག་	ལྷན་ཅིག་	OTHER
སྐྱེ་	སྐྱེ་	VERB
སྦྱོར་	སྦྱོར་	VERB
།		PUNCT
སྐུ་གསུམ་	སྐུ་གསུམ་	OTHER
ངོ་སྤྲོད་	ངོ་སྤྲོད་	NOUN
།		PUNCT
ཇོ་	ཇོ་	NO_POS
ནང་	ནང་	NOUN
།		PUNCT
ཙ་མི་	ཙ་མི་	NO_POS
།		PUNCT
བུ་	བུ་	NOUN
སྟོན་	སྟོན་	VERB
རྣམས་	རྣམས་	DET
ཀྱི་	གི་	PART
སྦྱོར་	སྦྱོར་	VERB
དྲུག་	དྲུག་	NUM
།		PUNCT
ཨོ་རྒྱན་	ཨོ་རྒྱན་	PROPN
བསྙེན་སྒྲུབ་	བསྙེན་སྒྲུབ་	NOUN
།		PUNCT
མར་པ་	མར་པ་	PROPN
འི་	གི་	PART
ཤོག་དྲིལ་	ཤོག་དྲིལ་	NOUN
།		PUNCT
གཏུམ་མོ་	གཏུམ་མོ་	NOUN
འཁོར་ལོ་	འཁོར་ལོ་	NOUN
ལྔ་	ལྔ་	NUM
ཁྲིད་	ཁྲིད་	VERB
རྣམས་	རྣམས་	DET
དང་	དང་	NO_POS
།		PUNCT
གཅོད་	གཅོད་	NO_POS
དབང་	དབང་	NOUN
ནམ་མཁའ་	ནམ་མཁའ་	NOUN
སྒོ་	སྒོ་	NOUN
འབྱེད་	འབྱེད་	VERB
དང་	དང་	NO_POS
གཅོད་	གཅོད་	NO_POS
ཁྲིད་	ཁྲིད་	VERB
།		PUNCT
དོ་ཧ་	དོ་ཧ་	OTHER
སྐོར་	སྐོར་	NOUN
གསུམ་	གསུམ་	NUM
།		PUNCT
བསླབ་	བསླབ་	VERB
བཏུས་	བཏུས་	NO_POS
།		PUNCT
འདུལ་བ་	འདུལ་བ་	VERB
མེ་ཏོག་	མེ་ཏོག་	NOUN
ཕྲེང་བརྒྱུད་	ཕྲེང་བརྒྱུད་	NO_POS
།		PUNCT
བདེ་མཆོག་	བདེ་མཆོག་	PROPN
བསྟོད་	བསྟོད་	VERB
འགྲེལ་	འགྲེལ་	NOUN
།		PUNCT
བྱམས་	བྱམས་	VERB
ཆོ་	ཆོ་	NOUN
ལྔ་	ལྔ་	NUM
།		PUNCT
རིགས་པ་	རིགས་པ་	VERB
འི་	གི་	PART
ཚོགས་	ཚོགས་	NOUN
།		PUNCT
ལག་པ་	ལག་པ་	NOUN
འི་	གི་	PART
ཚད་	ཚད་	NOUN
།		PUNCT
རྨི་ལམ་	རྨི་ལམ་	NOUN
ཡིད་བཞིན་	ཡིད་བཞིན་	OTHER
ནོར་བུ་	ནོར་བུ་	NOUN
།		PUNCT
ནང་དོན་	ནང་དོན་	OTHER
རང་འགྲེལ་	རང་འགྲེལ་	NOUN
བཅའ་	བཅའ་	VERB
།		PUNCT
སྤྱོད་འཇུག་	སྤྱོད་འཇུག་	PROPN
།		PUNCT
ཐོགས་མེད་	ཐོགས་མེད་	PROPN
བཀའ་འབུམ་	བཀའ་འབུམ་	NOUN
རྣམས་	རྣམས་	DET
ཀྱི་	གི་	PART
ལུང་	ལུང་	NOUN
རྣམས་	རྣམས་	DET
གསན་	གསན་	NO_POS
།		PUNCT
བསོད་ནམས་	བསོད་ནམས་	NOUN
བཟང་པོ་	བཟང་པོ་	ADJ
ལས་བྱང་	ལས་བྱང་	OTHER
ས་	ས་	ADP
འི་	གི་	PART
སེམས་བསྐྱེད་	སེམས་བསྐྱེད་	NOUN
དང་	དང་	NO_POS
།		PUNCT
དུས་འཁོར་	དུས་འཁོར་	PROPN
དང་	དང་	NO_POS
།		PUNCT
འདུས་པ་	འདུས་པ་	VERB
གཉིས་	གཉིས་	NUM
མེད་	མེད་	VERB
རྣམ་རྒྱལ་	རྣམ་རྒྱལ་	NOUN
གྱི་	གི་	PART
དབང་	དབང་	NOUN
དང་	དང་	NO_POS
ཚེ་	ཚེ་	NOUN
དཔག་	དཔག་	VERB
གྲུབ་	གྲུབ་	VERB
རྒྱལ་མ་	རྒྱལ་མ་	OTHER
འི་	གི་	PART
རྗེས་གནང་	རྗེས་གནང་	NOUN
རྣམས་	རྣམས་	DET
གསན་	གསན་	NO_POS
།		PUNCT
ཞྭ་དམར་	ཞྭ་དམར་	PROPN
ཆོ་	ཆོ་	NOUN
དཔལ་	དཔལ་	OTHER
ཡེ་ཤེས་	ཡེ་ཤེས་	NOUN
དྲུང་	དྲུང་	NOUN
ན་	ནས་	PART
།		PUNCT
དྭགས་པོ་	དྭགས་པོ་	OTHER
བཀའ་འབུམ་	བཀའ་འབུམ་	NOUN
།		PUNCT
རྒྱལ་བ་	རྒྱལ་བ་	NOUN
རྒྱ་མཚོ་	རྒྱ་མཚོ་	NOUN
སྐོར་	སྐོར་	NOUN
གསུམ་	གསུམ་	NUM
།		PUNCT
མགོན་པོ་	མགོན་པོ་	NOUN
སྐོར་	སྐོར་	NOUN
གསུམ་	གསུམ་	NUM
དང་	དང་	NO_POS
སྒྲུབ་	སྒྲུབ་	VERB
སྐོར་	སྐོར་	NOUN
།		PUNCT
མ་མོ་	མ་མོ་	NOUN
སྐོར་	སྐོར་	NOUN
གསུམ་	གསུམ་	NUM
རྣམས་	རྣམས་	DET
ཀྱི་	གི་	PART
ལུང་	ལུང་	NOUN
དང་	དང་	NO_POS
།		PUNCT
ཞལ་	ཞལ་	NOUN
སྦྱོར་	སྦྱོར་	VERB
གྱི་	གི་	PART
དབང་	དབང་	NOUN
བཞི་	བཞི་	NUM
དང་	དང་	NO_POS
ལྷ་མོ་	ལྷ་མོ་	NOUN
འི་	གི་	PART
རྗེས་གནང་	རྗེས་གནང་	NOUN
།		PUNCT
ཀརྨ་	ཀརྨ་	NO_POS
པཀྴིའི་		NON_WORD
བཀའ་འབུམ་	བཀའ་འབུམ་	NOUN
ལ་	ལ་	ADP
ས་	གིས་	PART
ཕལ་ཆེ་		
དང་	དང་	NO_POS
།		PUNCT
ཆོ་	ཆོ་	NOUN
དྲུག་	དྲུག་	NUM
སྲ་	སྲ་	NOUN
མཁའ་	མཁའ་	NOUN
མ་	མ་	PART
།		PUNCT
ཕྱག་	ཕྱག་	NOUN
ཆེན་	ཆེན་	NO_POS
གངྒཱ་	གངྒཱ་	PROPN
མ་	མ་	PART
སོགས་	སོགས་	DET
དང་	དང་	NO_POS
།		PUNCT
ཀ་ཁ་	ཀ་ཁ་	NOUN
འི་	གི་	PART
དོ་ཧ་	དོ་ཧ་	OTHER
།		PUNCT
གཅོད་	གཅོད་	NO_POS
སྐོར་	སྐོར་	NOUN
།		PUNCT
ཤྲཱི་		NON_WORD
སིདྷའི་		NON_WORD
དམར་ཁྲིད་	དམར་ཁྲིད་	NOUN
།		PUNCT
ཨོ་རྒྱན་པ་	ཨོ་རྒྱན་པ་	PROPN
དང་	དང་	NO_POS
།		PUNCT
རས་ཆེན་པ་	རས་ཆེན་པ་	NO_POS
དང་	དང་	NO_POS
།		PUNCT
དུས་མཁྱེན་	དུས་མཁྱེན་	NOUN
རྣམ་ཐར་	རྣམ་ཐར་	NOUN
།		PUNCT
དཔག་བསམ་	དཔག་བསམ་	OTHER
འཁྲི་ཤིང་	འཁྲི་ཤིང་	OTHER
།		PUNCT
དཔའ་བོ་	དཔའ་བོ་	NOUN
འི་	གི་	PART
སྐྱེས་རབས་	སྐྱེས་རབས་	NOUN
སོ་	གོ་	PART
བཞི་པ་	བཞི་པ་	ADJ
།		PUNCT
ཇོ་བོ་	ཇོ་བོ་	NOUN
འི་	གི་	PART
ཆོ་	ཆོ་	NOUN
ཆུང་	ཆུང་	VERB
བརྒྱ་རྩ་	བརྒྱ་རྩ་	OTHER
།		PUNCT
ཕག་མོ་	ཕག་མོ་	PROPN
དྲུང་	དྲུང་	NOUN
མཛད་	མཛད་	VERB
མ་	མ་	PART
།		PUNCT
མཁའ་སྤྱོད་	མཁའ་སྤྱོད་	NOUN
བཀའ་འབུམ་	བཀའ་འབུམ་	NOUN
རྣམས་	རྣམས་	DET
ཀྱི་	གི་	PART
ལུང་	ལུང་	NOUN
དང་	དང་	NO_POS
།		PUNCT
བདག་མེད་	བདག་མེད་	ADJ
ལྷ་མོ་	ལྷ་མོ་	NOUN
བཅོ་ལྔ་	བཅོ་ལྔ་	NO_POS
དང་	དང་	NO_POS
།		PUNCT
འདུས་པ་	འདུས་པ་	VERB
འཕགས་ལུགས་	འཕགས་ལུགས་	OTHER
འགོ་	འགོ་	PROPN
དང་	དང་	NO_POS
མར་པ་	མར་པ་	PROPN
ན་	ནས་	PART
བརྒྱུད་པ་	བརྒྱུད་པ་	VERB
།		PUNCT
སྤྱན་རས་	སྤྱན་རས་	NO_POS
གཟིགས་	གཟིགས་	VERB
པདྨ་	པདྨ་	NOUN
རྒྱལ་པོ་	རྒྱལ་པོ་	NOUN
།		PUNCT
དྲིལ་བུ་	དྲིལ་བུ་	NOUN
ལུས་	ལུས་	NOUN
དཀྱིལ་	དཀྱིལ་	NOUN
ཕག་མོ་	ཕག་མོ་	PROPN
ཞལ་	ཞལ་	NOUN
བཞི་	བཞི་	NUM
མ་	མ་	PART
།		PUNCT
དཔལ་	དཔལ་	OTHER
དུས་	དུས་	NOUN
ཀྱི་	གི་	PART
འཁོར་ལོ་	འཁོར་ལོ་	NOUN
སྐུ་གསུང་ཐུགས་	སྐུ་གསུང་ཐུགས་	NOUN
ཡོངས་རྫོགས་	ཡོངས་རྫོགས་	OTHER
ཀྱི་	གི་	PART
དབང་	དབང་	NOUN
།		PUNCT
རྫོགས་ཆེན་	རྫོགས་ཆེན་	NOUN
རྒྱུད་	རྒྱུད་	NOUN
བཅུ་བདུན་	བཅུ་བདུན་	NO_POS
གྱི་	གི་	PART
ལུང་	ལུང་	NOUN
རྣམས་	རྣམས་	DET
ཞུ་	ཞུ་	VERB
།		PUNCT
ཟླ་བ་	ཟླ་བ་	NOUN
དཔལ་	དཔལ་	OTHER
རིན་པོ་ཆེ་	རིན་པོ་ཆེ་	ADJ
ལ་	ལ་	ADP
ས་	གིས་	PART
།		PUNCT
རྩེ་མོ་	རྩེ་མོ་	NOUN
རིགས་	རིགས་	NOUN
བསྡུ་	བསྡུ་	VERB
ཀྱི་	གི་	PART
དབང་	དབང་	NOUN
དང་	དང་	NO_POS
།		PUNCT
དཔལ་	དཔལ་	OTHER
མཆོག་	མཆོག་	ADJ
རིགས་	རིགས་	NOUN
བསྡུ་	བསྡུ་	VERB
།		PUNCT
ཁམས་	ཁམས་	NOUN
གསུམ་	གསུམ་	NUM
རྣམ་རྒྱལ་	རྣམ་རྒྱལ་	NOUN
།		PUNCT
གཙུག་	གཙུག་	NOUN
དགུ་	དགུ་	NUM
།		PUNCT
འཆི་	འཆི་	VERB
འཇོམས་	འཇོམས་	NO_POS
།		PUNCT
རྡོ་		
དབྱིངས་	དབྱིངས་	NOUN
།		PUNCT
དོན་ཡོད་	དོན་ཡོད་	ADJ
ཞགས་པ་	ཞགས་པ་	NOUN
།		PUNCT
རྣམ་སྣང་	རྣམ་སྣང་	PROPN
མངོན་བྱང་	མངོན་བྱང་	NO_POS
།		PUNCT
སྲུང་བ་	སྲུང་བ་	VERB
ལྔ་	ལྔ་	NUM
འི་	གི་	PART
རིག་	རིག་	VERB
གཏད་	གཏད་	VERB
།		PUNCT
བདེ་མཆོག་	བདེ་མཆོག་	PROPN
སྡོམ་	སྡོམ་	NOUN
འབྱུང་	འབྱུང་	VERB
།		PUNCT
སྒྱུ་	སྒྱུ་	NOUN
ཐོད་	ཐོད་	NOUN
གདན་	གདན་	NOUN
གསུམ་	གསུམ་	NUM
།		PUNCT
དྲིལ་ཆུང་	དྲིལ་ཆུང་	OTHER
ལྷ་	ལྷ་	NOUN
ལྔ་	ལྔ་	NUM
།		PUNCT
རིགས་	རིགས་	NOUN
ཀྱི་	གི་	PART
འཇིག་རྟེན་	འཇིག་རྟེན་	NOUN
མགོན་པོ་	མགོན་པོ་	NOUN
།		PUNCT
སྤྱན་རས་	སྤྱན་རས་	NO_POS
གཟིགས་	གཟིགས་	VERB
པདྨ་	པདྨ་	NOUN
དྲྭ་བ་	དྲྭ་བ་	NON_WORD
།		PUNCT
སྒྲོལ་མ་	སྒྲོལ་མ་	PROPN
ལུས་	ལུས་	NOUN
དཀྱིལ་	དཀྱིལ་	NOUN
།		PUNCT
འདུས་པ་	འདུས་པ་	VERB
ཞབས་	ཞབས་	NOUN
ལུགས་	ལུགས་	NOUN
།		PUNCT
འདུས་པ་	འདུས་པ་	VERB
སྤྱན་རས་	སྤྱན་རས་	NO_POS
གཟིགས་	གཟིགས་	VERB
།		PUNCT
ཕྱག་རྡོར་	ཕྱག་རྡོར་	PROPN
འཁོར་	འཁོར་	NOUN
ཆེན་	ཆེན་	NO_POS
།		PUNCT
གདོང་	གདོང་	NOUN
དྲུག་	དྲུག་	NUM
རྣམས་	རྣམས་	DET
ཀྱི་	གི་	PART
དབང་	དབང་	NOUN
དང་	དང་	NO_POS
སྒྲོན་	སྒྲོན་	NOUN
གསལ་	གསལ་	VERB
གྱི་	གི་	PART
ལུང་	ལུང་	NOUN
རྣམས་	རྣམས་	DET
གསན་	གསན་	NO_POS
།		PUNCT
དེ་དུས་	དེ་དུས་	PRON
ཀརྨ་	ཀརྨ་	NO_POS
ར་	ལ་	PART
དགེ་	དགེ་	NOUN
ལུགས་	ལུགས་	NOUN
ཀྱི་	གི་	PART
སྔགས་	སྔགས་	NOUN
ཆོག་	ཆོག་	VERB
མང་	མང་	VERB
དུ་	ལ་	PART
བཙུགས་	བཙུགས་	NO_POS
ན་	ནས་	PART
སྒྲུབ་མཆོད་	སྒྲུབ་མཆོད་	OTHER
བྱེད་པ་	བྱེད་པ་	VERB
འི་	གི་	PART
གྲལ་	གྲལ་	NOUN
དབུ་	དབུ་	NOUN
ར་	ལ་	PART
ཕེབ་པ་	ཕེབ་པ་	NO_POS
ན་	ལ་	PART
དྲུང་	དྲུང་	NOUN
རིན་པོ་ཆེ་	རིན་པོ་ཆེ་	ADJ
ན་	ནས་	PART
འདི་འདྲ་	འདི་འདྲ་	NO_POS
དགོས་དོན་	དགོས་དོན་	OTHER
ཅི་	ཅི་	NO_POS
གསུངས་	གསུངས་	VERB
བ་	བ་	NOUN
ངེད་རང་	ངེད་རང་	NO_POS
གི་	གི་	PART
ཡིག་ཆ་	ཡིག་ཆ་	NOUN
མི་	མི་	PART
འདུག་པ་	འདུག་པ་	VERB
ས་	གིས་	PART
ཡིན་	ཡིན་	NO_POS
ཞུས་པ་	ཞུས་པ་	VERB
ས་	གིས་	PART
ཡིག་ཆ་	ཡིག་ཆ་	NOUN
ང་	ང་	OTHER
བརྩམ་པ་	བརྩམ་པ་	VERB
ས་	གིས་	PART
ཆོག་	ཆོག་	VERB
གསུངས་	གསུངས་	VERB
ན་	ནས་	PART
རྡོ་རྗེ་	རྡོ་རྗེ་	NOUN
དབྱིངས་	དབྱིངས་	NOUN
ཀྱི་	གི་	PART
སྒྲུབ་	སྒྲུབ་	VERB
དཀྱིལ་	དཀྱིལ་	NOUN
སྡོམ་པ་	སྡོམ་པ་	NOUN
ལུས་	ལུས་	NOUN
དཀྱིལ་	དཀྱིལ་	NOUN
གྱི་	གི་	PART
སྒྲུབ་ཐབས་	སྒྲུབ་ཐབས་	NOUN
།		PUNCT
རྡོ་རྗེ་	རྡོ་རྗེ་	NOUN
རྣལ་འབྱོར་	རྣལ་འབྱོར་	NOUN
མ་	མ་	PART
འི་	གི་	PART
སྒྲུབ་ཐབས་	སྒྲུབ་ཐབས་	NOUN
སོགས་	སོགས་	DET
བཀའ་འབུམ་	བཀའ་འབུམ་	NOUN
ན་	ལ་	PART
བཞུགས་པ་	བཞུགས་པ་	VERB
རྣམས་	རྣམས་	DET
བརྩམས་པ་	བརྩམས་པ་	VERB
ར་	ལ་	PART
མཛད་	མཛད་	VERB
།		PUNCT
མགོན་པོ་	མགོན་པོ་	NOUN
འི་	གི་	PART
རྔ་	རྔ་	NOUN
འཆམས་	འཆམས་	NO_POS
དང་	དང་	NO_POS
དབྱངས་	དབྱངས་	NOUN
སོགས་	སོགས་	DET
ལྷག་པ་	ལྷག་པ་	VERB
འི་	གི་	PART
ལྷ་		
གནང་	གནང་	NO_POS
བཞིན་	བཞིན་	NOUN
གས་	གསའ་	NO_POS
ར་	ལ་	PART
དུ་	ལ་	PART
མཛད་	མཛད་	VERB
།		PUNCT
དེ་ནས་	དེ་ནས་	NO_POS
ཟུར་	ཟུར་	NOUN
མང་	མང་	VERB
རྩི་	རྩི་	NOUN
རྒྱུད་	རྒྱུད་	NOUN
།		PUNCT
རོང་པོ་	རོང་པོ་	PROPN
བ་	བ་	NOUN
ཐང་	ཐང་	NOUN
སོགས་	སོགས་	DET
སུ་	ལ་	PART
ཕེབས་	ཕེབས་	NO_POS
།		PUNCT
དེ་	སྟེ་	PART
ཕྱོགས་	ཕྱོགས་	NOUN
ཀྱི་	གི་	PART
མི་	མི་	PART
དང་	དང་	NO_POS
མི་མིན་	མི་མིན་	OTHER
ཐམས་ཅད་	ཐམས་ཅད་	DET
བཏུལ་	བཏུལ་	NO_POS
།		PUNCT
དེ་ནས་	དེ་ནས་	NO_POS
ལྷ་	ལྷ་	NOUN
དང་	དང་	NO_POS
མཁའ་འགྲོ་	མཁའ་འགྲོ་	NOUN
ས་	གིས་	PART
ལུང་བསྟན་	ལུང་བསྟན་	NOUN
ཏེ་	སྟེ་	PART
ཙཱ་	ཙཱ་	NO_POS
རི་	རི་	NOUN
ར་	ལ་	PART
ཕེབས་	ཕེབས་	NO_POS
།		PUNCT
དེ་ཡང་	དེ་ཡང་	ADV
།		PUNCT
ཀརྨ་	ཀརྨ་	NO_POS
།		PUNCT
ངོམ་	ངོམ་	NO_POS
རྣམ་རྒྱལ་	རྣམ་རྒྱལ་	NOUN
སྒང་	སྒང་	NOUN
།		PUNCT
ཤ་	ཤ་	NOUN
རོང་	རོང་	PROPN
ཁང་	ཁང་	NOUN
ས་	ས་	ADP
ར་	ལ་	PART
དགོན་	དགོན་	OTHER
།		PUNCT
པོ་ཏོ་	པོ་ཏོ་	OTHER
དགོན་	དགོན་	OTHER
།		PUNCT
བླ་	བླ་	NOUN
དགོན་	དགོན་	OTHER
།		PUNCT
དཔལ་འབར་	དཔལ་འབར་	PROPN
ལ་སོགས་	ལ་སོགས་	NO_POS
ཆོས་སྡེ་	ཆོས་སྡེ་	NOUN
རྣམས་	རྣམས་	DET
སུ་	ལ་	PART
ཆོ་	ཆོ་	NOUN
གསུངས་པ་	གསུངས་པ་	VERB
འི་	གི་	PART
ཚེ་	ཚེ་	NOUN
མེ་ཏོག་	མེ་ཏོག་	NOUN
གི་	གི་	PART
ཆ་	ཆ་	NOUN
ར་	ལ་	PART
བབ་	བབ་	VERB
།		PUNCT
དེ་ནས་	དེ་ནས་	NO_POS
ཉང་	ཉང་	OTHER
ལུང་	ལུང་	NOUN
བརྒྱུད་	བརྒྱུད་	NO_POS
ཀོང་པོ་	ཀོང་པོ་	PROPN
ར་	ལ་	PART
ཕེབས་	ཕེབས་	NO_POS
།		PUNCT
རྣམ་ཐོས་	རྣམ་ཐོས་	PROPN
ཀྱི་	གི་	PART
རི་བོ་	རི་བོ་	NOUN
ར་	ལ་	PART
བདག་འཇུག་	བདག་འཇུག་	OTHER
གི་	གི་	PART
ཚེ་	ཚེ་	NOUN
།		PUNCT
ཚེ་	ཚེ་	NOUN
དཔག་མེད་	དཔག་མེད་	ADJ
ཞལ་གཟིགས་	ཞལ་གཟིགས་	NO_POS
།		PUNCT
གཏོ་	གཏོ་	VERB
ཆོག་	ཆོག་	VERB
གི་	གི་	PART
སྐབས་	སྐབས་	NOUN
རྒྱལ་ཆེན་	རྒྱལ་ཆེན་	NOUN
བཞི་	བཞི་	NUM
ཡང་	ཀྱང་	PART
གཟིགས་	གཟིགས་	VERB
།		PUNCT
སེར་བ་	སེར་བ་	NOUN
དང་	དང་	NO_POS
རླུང་ནག་	རླུང་ནག་	OTHER
སོགས་	སོགས་	DET
ལ་	ལ་	PART
སྡིག་	སྡིག་	NOUN
མཛུབ་	མཛུབ་	NOUN
གཏད་པ་	གཏད་པ་	VERB
ས་	གིས་	PART
ཞི་	ཞི་	VERB
།		PUNCT
ཞྭ་དམར་	ཞྭ་དམར་	PROPN
ཆོ་	ཆོ་	NOUN
དཔལ་	དཔལ་	OTHER
ཡེ་ཤེས་	ཡེ་ཤེས་	NOUN
ལ་	ལ་	ADP
ས་	གིས་	PART
གཙོ་བོ་	གཙོ་བོ་	ADJ
ར་	ལ་	PART
ཡི་དམ་	ཡི་དམ་	NOUN
ཆོས་སྐྱོང་	ཆོས་སྐྱོང་	NOUN
གི་	གི་	PART
སྐོར་	སྐོར་	NOUN
སོགས་	སོགས་	DET
གསན་	གསན་	NO_POS
།		PUNCT
དགུང་ལོ་	དགུང་ལོ་	NOUN
དགུ་པ་	དགུ་པ་	ADJ
འབྲུག་ལོ་	འབྲུག་ལོ་	NO_POS
ར་	ལ་	PART
འོལ་ཁ་	འོལ་ཁ་	OTHER
བཀྲ་ཤིས་	བཀྲ་ཤིས་	NOUN
ཐང་	ཐང་	NOUN
དུ་	ལ་	PART
མཁན་ཆེན་	མཁན་ཆེན་	OTHER
བསོད་ནམས་	བསོད་ནམས་	NOUN
བཟང་པོ་	བཟང་པོ་	ADJ
། །		PUNCT
བཀའ་	བཀའ་	NOUN
བཞི་པ་	བཞི་པ་	ADJ
རཏྣ་		NON_WORD
བྷ་	བྷ་	NO_POS
དྲ་	དྲ་	NO_POS
།		PUNCT
ཆོ་	ཆོ་	NOUN
ཀྱི་	གི་	PART
རྒྱལ་མཚན་	རྒྱལ་མཚན་	NOUN
།		PUNCT
དད་པ་	དད་པ་	VERB
འི་	གི་	PART
དགེ་འདུན་	དགེ་འདུན་	NOUN
བཅས་པ་	བཅས་པ་	VERB
འི་	གི་	PART
དབུ་	དབུ་	NOUN
སུ་	ལ་	PART
རབ་ཏུ་	རབ་ཏུ་	NO_POS
བྱུང་	བྱུང་	VERB
།		PUNCT
ཆོས་གྲགས་	ཆོས་གྲགས་	PROPN
དཔལ་	དཔལ་	OTHER
བཟང་པོ་	བཟང་པོ་	ADJ
ར་	ལ་	PART
མཚན་	མཚན་	NOUN
གསོལ་	གསོལ་	VERB
།		PUNCT
མཁན་	མཁན་	PROPN
བསོད་ནམས་	བསོད་ནམས་	NOUN
བཟང་པོ་	བཟང་པོ་	ADJ
འི་	གི་	PART
དྲུང་	དྲུང་	NOUN
ན་	ནས་	PART
།		PUNCT
དུས་འཁོར་	དུས་འཁོར་	PROPN
གསུང་	གསུང་	VERB
དབང་	དབང་	NOUN
།		PUNCT
གཉིས་	གཉིས་	NUM
མེད་	མེད་	VERB
རྣམ་རྒྱལ་	རྣམ་རྒྱལ་	NOUN
གྱི་	གི་	PART
དབང་	དབང་	NOUN
དང་སེམས་	དང་སེམས་	NO_POS
བསྐྱེད་	བསྐྱེད་	VERB
སོགས་	སོགས་	DET
ཞུ་	ཞུ་	VERB
སླད་	སླད་	NOUN
ན་	ནས་	PART
བསྙེན་རྫོགས་	བསྙེན་རྫོགས་	NOUN
ཀྱི་	གི་	PART
མཁན་པོ་	མཁན་པོ་	NOUN
ཡང་	ཀྱང་	PART
ཞུས་པ་	ཞུས་པ་	VERB
ས་	གིས་	PART
ཞལ་བཞེས་	ཞལ་བཞེས་	NOUN
གནང་	གནང་	NO_POS
མོད་	མོད་	VERB
།		PUNCT
ཕྱི་	ཕྱི་	VERB
དགུང་ལོ་	དགུང་ལོ་	NOUN
ཚིགས་	ཚིགས་	NOUN
ཚང་	ཚང་	VERB
དུ་	ལ་	PART
ཉེ་བ་		
གསེར་ཡིག་པ་	གསེར་ཡིག་པ་	NO_POS
ཞིག་	ཅིག་	PART
གི་	གི་	PART
ཉེ་	ཉེ་	VERB
གནས་	གནས་	NOUN
ཀྱིས་	གིས་	PART
སྤྲུལ་པ་	སྤྲུལ་པ་	VERB
འི་	གི་	PART
སྐུ་	སྐུ་	NOUN
བསྙེན་རྫོགས་	བསྙེན་རྫོགས་	NOUN
བསྒྲུབ་	བསྒྲུབ་	VERB
ཟིན་	ཟིན་	VERB
ཞེ་	ཅེས་	PART
རྫུན་	རྫུན་	NOUN
ཞུས་པ་	ཞུས་པ་	VERB
ས་	གིས་	PART
ཞལ་ངོ་	ཞལ་ངོ་	NOUN
ནག་	ནག་	VERB
ཏིང་	ཏིང་	NOUN
གིས་	གིས་	PART
སོང་	སོང་	VERB
སྟེ་	སྟེ་	PART
ཞག་	ཞག་	NOUN
གསུམ་	གསུམ་	NUM
ན་	ནས་	PART
སྐུ་གཤེགས་པ་	སྐུ་གཤེགས་པ་	NO_POS
ར་	ལ་	PART
སྣང་	སྣང་	VERB
།		PUNCT
དྭགས་	དྭགས་	NO_POS
ལ་	ལ་	PART
སྒམ་པོ་	སྒམ་པོ་	PROPN
ར་	ལ་	PART
ཕེབས་	ཕེབས་	NO_POS
།		PUNCT
ཙཱ་	ཙཱ་	NO_POS
རི་	རི་	NOUN
འི་	གི་	PART
རྒྱ་མཚོ་	རྒྱ་མཚོ་	NOUN
སྒང་	སྒང་	NOUN
དུ་	ལ་	PART
ཕེབས་པ་	ཕེབས་པ་	VERB
འི་	གི་	PART
ཚེ་	ཚེ་	NOUN
།		PUNCT
མགོན་པོ་	མགོན་པོ་	NOUN
ལྕམ་དྲལ་	ལྕམ་དྲལ་	NOUN
ཞལ་གཟིགས་	ཞལ་གཟིགས་	NO_POS
།		PUNCT
དགེ་འདུན་	དགེ་འདུན་	NOUN
རྣམས་	རྣམས་	DET
ལ་	ལ་	PART
ཐུབ་པ་	ཐུབ་པ་	VERB
འི་	གི་	PART
སྐྱེས་རབས་	སྐྱེས་རབས་	NOUN
དང་	དང་	NO_POS
།		PUNCT
ཕྱག་	ཕྱག་	NOUN
ཆེན་	ཆེན་	NO_POS
ཆོ་	ཆོ་	NOUN
དྲུག་	དྲུག་	NUM
སོགས་	སོགས་	DET
ཀྱི་	གི་	PART
ཆོས་འཁོར་	ཆོས་འཁོར་	NOUN
བསྐོར་	བསྐོར་	VERB
།		PUNCT
ཙཱ་	ཙཱ་	NO_POS
རི་	རི་	NOUN
འི་	གི་	PART
གནས་སྐོར་	གནས་སྐོར་	OTHER
ལ་	ལ་	PART
ཕེབས་	ཕེབས་	NO_POS
།		PUNCT
རྡོ་རྗེ་	རྡོ་རྗེ་	NOUN
ཕག་མོ་	ཕག་མོ་	PROPN
འི་	གི་	PART
གླིང་	གླིང་	NOUN
།		PUNCT
ལྷ་མོ་	ལྷ་མོ་	NOUN
འི་	གི་	PART
ཕོ་བྲང་	ཕོ་བྲང་	NOUN
།		PUNCT
ཐུགས་རྗེ་	ཐུགས་རྗེ་	NOUN
ཆེན་པོ་	ཆེན་པོ་	ADJ
གཙོ་འཁོར་	གཙོ་འཁོར་	OTHER
གསུམ་	གསུམ་	NUM
།		PUNCT
སློབ་དཔོན་	སློབ་དཔོན་	NOUN
པདྨ་	པདྨ་	NOUN
བྱམས་པ་	བྱམས་པ་	PROPN
ཆོས་འཁོར་	ཆོས་འཁོར་	NOUN
སོགས་	སོགས་	DET
གནས་	གནས་	NOUN
གས་	གསའ་	NO_POS
ར་	ལ་	PART
རྣམས་	རྣམས་	DET
ཕྱེ་	ཕྱེ་	VERB
།		PUNCT
རྡོ་རྗེ་	རྡོ་རྗེ་	NOUN
ཕག་མོ་	ཕག་མོ་	PROPN
ཞལ་གཟིགས་	ཞལ་གཟིགས་	NO_POS
བསྟོད་པ་	བསྟོད་པ་	VERB
མཛད་	མཛད་	VERB
།		PUNCT
བཀྲ་ཤིས་	བཀྲ་ཤིས་	NOUN
ལྗོངས་	ལྗོངས་	NOUN
སུ་	ལ་	PART
དགྲ་བཅོམ་པ་	དགྲ་བཅོམ་པ་	NOUN
དྲི་མེད་	དྲི་མེད་	ADJ
འོད་ཟེར་	འོད་ཟེར་	NOUN
གྱིས་	གིས་	PART
ལུང་བསྟན་	ལུང་བསྟན་	NOUN
ན་	ནས་	PART
ཚེ་	ཚེ་	NOUN
དཔག་མེད་	དཔག་མེད་	ADJ
ཀྱི་	གི་	PART
མངོན་རྟོགས་	མངོན་རྟོགས་	NOUN
བརྩམ་	བརྩམ་	VERB
།		PUNCT
རྒྱ་མཚོ་	རྒྱ་མཚོ་	NOUN
སྒང་	སྒང་	NOUN
དུ་	ལ་	PART
ཆོ་	ཆོ་	NOUN
ཀྱི་	གི་	PART
བློ་གྲོས་	བློ་གྲོས་	NOUN
བཙུན་མོ་	བཙུན་མོ་	NOUN
ར་	ལ་	PART
བཅས་པ་	བཅས་པ་	VERB
དང་	དང་	NO_POS
།		PUNCT
བདེ་མཆོག་	བདེ་མཆོག་	PROPN
དང་	དང་	NO_POS
།		PUNCT
འཇམ་དབྱངས་	འཇམ་དབྱངས་	PROPN
ཞལ་གཟིགས་	ཞལ་གཟིགས་	NO_POS
ན་	ནས་	PART
བསྟོད་པ་	བསྟོད་པ་	VERB
མཛད་	མཛད་	VERB
།		PUNCT
སྒྲོལ་མ་	སྒྲོལ་མ་	PROPN
དང་	དང་	NO_POS
།		PUNCT
དྭགས་པོ་	དྭགས་པོ་	OTHER
རིན་པོ་ཆེ་	རིན་པོ་ཆེ་	ADJ
དང་	དང་	NO_POS
།		PUNCT
ཐུབ་པ་	ཐུབ་པ་	VERB
ཞལ་གཟིགས་	ཞལ་གཟིགས་	NO_POS
བསྟོད་པ་	བསྟོད་པ་	VERB
མཛད་	མཛད་	VERB
།		PUNCT
གནས་	གནས་	NOUN
ལུང་	ལུང་	NOUN
དུ་	ལ་	PART
ཕག་མོ་	ཕག་མོ་	PROPN
ས་	གིས་	PART
ལུང་བསྟན་	ལུང་བསྟན་	NOUN
ཅིང་	ཅིང་	PART
གདམས་ངག་	གདམས་ངག་	NOUN
གནང་	གནང་	NO_POS
།		PUNCT
འཕྲག་		NON_WORD
ཡུལ་	ཡུལ་	NOUN
དུ་	ལ་	PART
པདྨ་	པདྨ་	NOUN
མཁའ་འགྲོ་	མཁའ་འགྲོ་	NOUN
ས་	གིས་	PART
རྗེས་སུ་	རྗེས་སུ་	OTHER
བཟུང་	བཟུང་	NO_POS
།		PUNCT
རྒྱལ་	རྒྱལ་	VERB
འཛིང་	འཛིང་	NO_POS
དུ་	ལ་	PART
གུ་རུ་	གུ་རུ་	PROPN
ལྷ་	ལྷ་	NOUN
ད་	ད་	NOUN
གྱི་	གི་	PART
ཁང་པ་	ཁང་པ་	NOUN
ལ་	ལ་	PART
གཙང་པོ་	གཙང་པོ་	PROPN
ཆེ་	ཆེ་	VERB
ཉེ་བ་	ཉེ་བ་	VERB
ཕྱག་	ཕྱག་	NOUN
ན་	ནས་	PART
མཛད་པ་	མཛད་པ་	VERB
ས་	གིས་	PART
བཟློག་པ་	བཟློག་པ་	VERB
ར་	ལ་	PART
མཛད་	མཛད་	VERB
།		PUNCT
རྒྱ་ལ་	རྒྱ་ལ་	NO_POS
ར་	ལ་	PART
ནག་པོ་	ནག་པོ་	ADJ
ཆེན་པོ་	ཆེན་པོ་	ADJ
དང་	དང་	NO_POS
།		PUNCT
ཡེ་	ཡེ་	ADV
གང་	གང་	NO_POS
དུ་	ལ་	PART
།		PUNCT
སྒྲོལ་	སྒྲོལ་	VERB
དཀ་	དཀའ་	VERB
ར་	ལ་	PART
དང་	དང་	NO_POS
།		PUNCT
གནས་	གནས་	NOUN
སྒོ་	སྒོ་	NOUN
འདིང་པོ་	འདིང་པོ་	NO_POS
ཆེ་	ཆེ་	VERB
ར་	ལ་	PART
སློབ་དཔོན་	སློབ་དཔོན་	NOUN
པདྨ་	པདྨ་	NOUN
དང་	དང་	NO_POS
།		PUNCT
མར་ཁུ་	མར་ཁུ་	NOUN
ཐང་	ཐང་	NOUN
དུ་	ལ་	PART
།		PUNCT
རྟ་མགྲིན་	རྟ་མགྲིན་	PROPN
ནག་པོ་	ནག་པོ་	ADJ
།		PUNCT
སྒྲོལ་	སྒྲོལ་	VERB
དཀ་	དཀའ་	VERB
ར་	ལ་	PART
།		PUNCT
རྡོ་རྗེ་	རྡོ་རྗེ་	NOUN
རྣལ་འབྱོར་	རྣལ་འབྱོར་	NOUN
མ་	མ་	PART
།		PUNCT
འོད་	འོད་	NOUN
དཔག་མེད་	དཔག་མེད་	ADJ
རྣམས་	རྣམས་	DET
དང་	དང་	NO_POS
།		PUNCT
བཟང་	བཟང་	VERB
སྣ་	སྣ་	NOUN
ར་	ལ་	PART
རྒྱལ་བ་	རྒྱལ་བ་	NOUN
རྒྱ་མཚོ་	རྒྱ་མཚོ་	NOUN
ལྷ་	ལྷ་	NOUN
ལྔ་	ལྔ་	NUM
།		PUNCT
ཀོང་པོ་	ཀོང་པོ་	PROPN
ར་	ལ་	PART
སྟག་	སྟག་	NOUN
ཁྲོམ་	ཁྲོམ་	NOUN
དུ་བ་	དུ་བ་	NOUN
དན་	དན་	OTHER
གྱི་	གི་	PART
རྩེ་		
མཁའ་འགྲོ་	མཁའ་འགྲོ་	NOUN
སྡེ་	སྡེ་	NOUN
ལྔ་	ལྔ་	NUM
།		PUNCT
ཏཻ་		NON_WORD
ལོ་པ་	ལོ་པ་	NO_POS
།		PUNCT
བི་མ་ལ་	བི་མ་ལ་	NO_POS
།		PUNCT
མི་ལ་རས་པ་	མི་ལ་རས་པ་	PROPN
གཙོ་འཁོར་	གཙོ་འཁོར་	OTHER
གསུམ་	གསུམ་	NUM
།		PUNCT
ཌོམྦི་པ་	ཌོམྦི་པ་	NON_WORD
སྟག་	སྟག་	NOUN
ལ་	ལ་	PART
ཆིབས་པ་	ཆིབས་པ་	VERB
བཙུན་མོ་	བཙུན་མོ་	NOUN
ར་	ལ་	PART
བཅའ་	བཅའ་	VERB
།		PUNCT
ས་ར་	ས་ར་	NO_POS
ཧ་	ཧ་	NOUN
གཙོ་འཁོར་	གཙོ་འཁོར་	OTHER
གསུམ་	གསུམ་	NUM
།		PUNCT
དམ་པ་	དམ་པ་	VERB
སངས་རྒྱས་	སངས་རྒྱས་	NOUN
།		PUNCT
ཚེམ་བུ་པ་	ཚེམ་བུ་པ་	NO_POS
།		PUNCT
བིརྦ་པ་	བིརྦ་པ་	NON_WORD
བཙུན་མོ་	བཙུན་མོ་	NOUN
ར་	ལ་	PART
བཅས་པ་	བཅས་པ་	VERB
།		PUNCT
རས་ཆེན་པ་	རས་ཆེན་པ་	NO_POS
དང་	དང་	NO_POS
སྤོམ་	སྤོམ་	NO_POS
བྲག་པ་	བྲག་པ་	NOUN
།		PUNCT
རྡོ་རྗེ་	རྡོ་རྗེ་	NOUN
འཆང་	འཆང་	NO_POS
དང་	དང་	NO_POS
།		PUNCT
དུས་མཁྱེན་	དུས་མཁྱེན་	NOUN
གཡུང་	གཡུང་	NO_POS
སྟོན་	སྟོན་	VERB
ལ་	ལ་	PART
རྨ་བྱ་	རྨ་བྱ་	NOUN
དུ་མ་	དུ་མ་	ADJ
ས་	གིས་	PART
མཆོད་པ་	མཆོད་པ་	VERB
རྣམས་	རྣམས་	DET
ཞལ་གཟིགས་	ཞལ་གཟིགས་	NO_POS
།		PUNCT
སྔོན་	སྔོན་	ADV
གྱི་	གི་	PART
སྤྱོད་ཚུལ་	སྤྱོད་ཚུལ་	VERB
དུ་མ་	དུ་མ་	ADJ
ཐུགས་	ཐུགས་	NOUN
ལ་	ལ་	PART
ཤ་	ཤ་	VERB
ཏེ་	སྟེ་	PART
།		PUNCT
དེ་དག་	དེ་དག་	OTHER
གི་	གི་	PART
རྒྱུ་མཚན་	རྒྱུ་མཚན་	NOUN
དྲུང་	དྲུང་	NOUN
རང་ཉིད་	རང་ཉིད་	OTHER
ཀྱིས་	གིས་	PART
མཛད་པ་	མཛད་པ་	VERB
འི་	གི་	PART
རྣམ་ཐར་	རྣམ་ཐར་	NOUN
འདི་སྐད་	འདི་སྐད་	NO_POS
།		PUNCT
སྔོན་བྱུང་	སྔོན་བྱུང་	OTHER
བསྐལ་པ་	བསྐལ་པ་	NOUN
འདི་ཉིད་	འདི་ཉིད་	OTHER
ལ་	ལ་	PART
། །		PUNCT
ཞེ་	ཅེས་	PART
སོགས་	སོགས་	DET
ཡུལ་འཁོར་	ཡུལ་འཁོར་	NO_POS
སྐྱོང་	སྐྱོང་	VERB
དང་	དང་	NO_POS
།		PUNCT
དྲང་སྲོང་	དྲང་སྲོང་	NOUN
དགའ་	དགའ་	VERB
འབྱེད་	འབྱེད་	VERB
།		PUNCT
དྲང་སྲོང་	དྲང་སྲོང་	NOUN
དཀའ་ཐུབ་	དཀའ་ཐུབ་	NOUN
ཅན་	ཅན་	PART
དང་	དང་	NO_POS
།		PUNCT
ཡང་	ཀྱང་	PART
འདས་པ་	འདས་པ་	VERB
འི་	གི་	PART
སྐྱེས་རབས་	སྐྱེས་རབས་	NOUN
རྒྱ་མཚོ་	རྒྱ་མཚོ་	NOUN
སོགས་	སོགས་	DET
མང་པོ་	མང་པོ་	ADJ
གསུངས་	གསུངས་	VERB
།		PUNCT
སེངྒེ་		NON_WORD
རྫོང་	རྫོང་	NOUN
དུ་	ལ་	PART
སྒྲོལ་མ་	སྒྲོལ་མ་	PROPN
གཙོ་འཁོར་	གཙོ་འཁོར་	OTHER
གསུམ་	གསུམ་	NUM
།		PUNCT
བད་	བད་	VERB
ཕུག་	ཕུག་	NOUN
ཏུ་	ལ་	PART
སློབ་དཔོན་	སློབ་དཔོན་	NOUN
པདྨ་	པདྨ་	NOUN
དང་	དང་	NO_POS
རྡོ་རྗེ་	རྡོ་རྗེ་	NOUN
ཤུགས་	ཤུགས་	NOUN
།		PUNCT
དཔང་	དཔང་	NO_POS
ཕུག་	ཕུག་	NOUN
ཏུ་	ལ་	PART
ས་ར་	ས་ར་	NO_POS
ཧ་	ཧ་	NOUN
།		PUNCT
སློབ་དཔོན་	སློབ་དཔོན་	NOUN
པདྨ་	པདྨ་	NOUN
།		PUNCT
དམ་པ་	དམ་པ་	VERB
སངས་རྒྱས་	སངས་རྒྱས་	NOUN
རྣམས་	རྣམས་	DET
ཞལ་གཟིགས་པ་	ཞལ་གཟིགས་པ་	NO_POS
སོགས་	སོགས་	DET
དང་	དང་	NO_POS
།		PUNCT
རྡོ་རྗེ་	རྡོ་རྗེ་	NOUN
ཕག་མོ་	ཕག་མོ་	PROPN
ས་	གིས་	PART
པདྨ་	པདྨ་	NOUN
རཱ་	རཱ་	NO_POS
ག་	ག་	PRON
འི་	གི་	PART
བུམ་པ་	བུམ་པ་	NOUN
ས་	གིས་	PART
དབང་	དབང་	NOUN
བསྐུར་བ་	བསྐུར་བ་	VERB
དང་	དང་	NO_POS
།		PUNCT
མཐིང་	མཐིང་	NO_POS
མཚོ་	མཚོ་	NOUN
ར་	ལ་	PART
བེར་ནག་	བེར་ནག་	NO_POS
ཅན་	ཅན་	PART
ལ་	ལ་	PART
ཆོས་སྐྱོང་	ཆོས་སྐྱོང་	NOUN
མང་པོ་	མང་པོ་	ADJ
ས་	གིས་	PART
བསྐོར་བ་	བསྐོར་བ་	VERB
དང་	དང་	NO_POS
།		PUNCT
དུང་	དུང་	NOUN
མཚོ་	མཚོ་	NOUN
ར་	ལ་	PART
དཔལ་ལྷ་	དཔལ་ལྷ་	NO_POS
མོ་ལ་	མོ་ལ་	NO_POS
མ་མོ་	མ་མོ་	NOUN
དུ་མ་	དུ་མ་	ADJ
ས་	གིས་	PART
བསྐོར་བ་	བསྐོར་བ་	VERB
དང་	དང་	NO_POS
།		PUNCT
ཕྲིན་ལས་	ཕྲིན་ལས་	NOUN
མཚོ་	མཚོ་	NOUN
བཞི་	བཞི་	NUM
ར་	ལ་	PART
ཌཱ་ཀི་	ཌཱ་ཀི་	NOUN
རིགས་བཞི་	རིགས་བཞི་	NO_POS
འཁོར་	འཁོར་	NOUN
དང་	དང་	NO_POS
བཅས་པ་	བཅས་པ་	VERB
དང་	དང་	NO_POS
།		PUNCT
གཏིང་ཟབ་	གཏིང་ཟབ་	NOUN
ཕུག་	ཕུག་	NOUN
ཏུ་	ལ་	PART
བདེ་མཆོག་	བདེ་མཆོག་	PROPN
ལ་	ལ་	PART
དཔའ་བོ་	དཔའ་བོ་	NOUN
ཉེ་	ཉེ་	NUM
བཞི་	བཞི་	NUM
ས་	གིས་	PART
བསྐོར་བ་	བསྐོར་བ་	VERB
དང་	དང་	NO_POS
།		PUNCT
ཕག་མོ་	ཕག་མོ་	PROPN
དབུ་	དབུ་	NOUN
བཅད་	བཅད་	VERB
མ་	མ་	PART
།		PUNCT
བདེ་མཆོག་	བདེ་མཆོག་	PROPN
འཇམ་རྡོར་	འཇམ་རྡོར་	NO_POS
།		PUNCT
འདུས་པ་	འདུས་པ་	VERB
འཇམ་རྡོར་	འཇམ་རྡོར་	NO_POS
།		PUNCT
ནག་པོ་	ནག་པོ་	ADJ
ཆེན་པོ་	ཆེན་པོ་	ADJ
།		PUNCT
མཻ་		NON_WORD
ཏྲི་	ཏྲི་	NO_POS
མཁའ་སྤྱོད་	མཁའ་སྤྱོད་	NOUN
།		PUNCT
བདེ་མཆོག་	བདེ་མཆོག་	PROPN
དཀར་པོ་	དཀར་པོ་	ADJ
། །		PUNCT
རྡོ་རྗེ་	རྡོ་རྗེ་	NOUN
རྣལ་འབྱོར་	རྣལ་འབྱོར་	NOUN
མ་	མ་	PART
ལྷ་	ལྷ་	NOUN
ལྔ་	ལྔ་	NUM
།		PUNCT
མཁའ་སྤྱོད་	མཁའ་སྤྱོད་	NOUN
དམར་མོ་	དམར་མོ་	ADJ
།		PUNCT
ཤེས་རབ་	ཤེས་རབ་	NOUN
གསལ་བྱེད་	གསལ་བྱེད་	NOUN
།		PUNCT
རྡོ་རྗེ་	རྡོ་རྗེ་	NOUN
གཞོན་ནུ་	གཞོན་ནུ་	ADJ
རྡོ་		
སེམས་	སེམས་	NOUN
ཡབ་ཡུམ་	ཡབ་ཡུམ་	NOUN
།		PUNCT
དུས་འཁོར་	དུས་འཁོར་	PROPN
།		PUNCT
འཇམ་དཔལ་	འཇམ་དཔལ་	PROPN
ཡེ་ཤེས་	ཡེ་ཤེས་	NOUN
སེམས་དཔའ་	སེམས་དཔའ་	NOUN
།		PUNCT
མཁའ་འགྲོ་	མཁའ་འགྲོ་	NOUN
རྒྱ་མཚོ་	རྒྱ་མཚོ་	NOUN
།		PUNCT
སེངྒེ་		NON_WORD
སྒྲ་	སྒྲ་	NOUN
།		PUNCT
རྡོ་རྗེ་	རྡོ་རྗེ་	NOUN
ཕག་མོ་	ཕག་མོ་	PROPN
ཕག་	ཕག་	NOUN
གདོང་ཆེན་	གདོང་ཆེན་	NO_POS
མོ་	གོ་	PART
།		PUNCT
དབང་	དབང་	NOUN
དུ་	ལ་	PART
བྱེད་པ་	བྱེད་པ་	VERB
འི་	གི་	PART
སྒྲོལ་མ་	སྒྲོལ་མ་	PROPN
།		PUNCT
མཆོད་རྟེན་	མཆོད་རྟེན་	NOUN
སྒོ་	སྒོ་	NOUN
མང་	མང་	VERB
དང་	དང་	NO_POS
།		PUNCT
ཁྲུས་རྫིང་	ཁྲུས་རྫིང་	OTHER
ཕུག་	ཕུག་	NOUN
ཏུ་	ལ་	PART
རྡོ་རྗེ་	རྡོ་རྗེ་	NOUN
རྣལ་འབྱོར་	རྣལ་འབྱོར་	NOUN
མ་	མ་	PART
རྣམས་	རྣམས་	DET
ཞལ་གཟིགས་	ཞལ་གཟིགས་	NO_POS
།		PUNCT
མངོན་དག་	མངོན་དགའ་	NO_POS
ར་	ལ་	PART
རྡོ་རྗེ་	རྡོ་རྗེ་	NOUN
མཁའ་འགྲོ་	མཁའ་འགྲོ་	NOUN
ས་	གིས་	PART
བྱིན་	བྱིན་	VERB
གྱིས་	གིས་	PART
བརླབས་	བརླབས་	NO_POS
ན་	ནས་	PART
གདམས་པ་	གདམས་པ་	VERB
གནང་	གནང་	NO_POS
།		PUNCT
ཨོ་རྒྱན་པ་	ཨོ་རྒྱན་པ་	PROPN
དང་	དང་	NO_POS
།		PUNCT
མཁའ་སྤྱོད་པ་	མཁའ་སྤྱོད་པ་	NOUN
གཟིགས་	གཟིགས་	VERB
།		PUNCT
དབུ་	དབུ་	NOUN
ཀྱིས་	གིས་	PART
ཆ་	ཆ་	NOUN
འབྲང་རྒྱས་	འབྲང་རྒྱས་	NO_POS
ཐང་	ཐང་	NOUN
དུ་	ལ་	PART
།		PUNCT
གོང་མ་	གོང་མ་	ADJ
འི་	གི་	PART
གདན་འདྲེན་	གདན་འདྲེན་	NOUN
གསེར་ཡིག་པ་	གསེར་ཡིག་པ་	NO_POS
སྟོང་ཕྲག་	སྟོང་ཕྲག་	OTHER
བཞི་	བཞི་	NUM
ཙམ་	ཙམ་	DET
གྱིས་	གིས་	PART
མཇལ་	མཇལ་	NO_POS
།		PUNCT
གསེར་དངུལ་	གསེར་དངུལ་	NOUN
གོ་	གོ་	NOUN
ད་	ད་	NOUN
སོགས་	སོགས་	DET
འབུལ་བ་	འབུལ་བ་	VERB
རྒྱ་	རྒྱ་	NOUN
ཆེན་	ཆེན་	NO_POS
ཕུལ་	ཕུལ་	VERB
དེ་དག་	དེ་དག་	OTHER
ཆོ་	ཆོ་	NOUN
དང་	དང་	NO_POS
ཟང་ཟིང་	ཟང་ཟིང་	NOUN
གིས་	གིས་	PART
ཚིམས་པ་	ཚིམས་པ་	NO_POS
ར་	ལ་	PART
མཛད་	མཛད་	VERB
།		PUNCT
ནགས་	ནགས་	NOUN
ཕུ་	ཕུ་	VERB
སྒྲོལ་མ་	སྒྲོལ་མ་	PROPN
ལྷ་	ལྷ་	NOUN
ལྔ་	ལྔ་	NUM
ཞལ་གཟིགས་	ཞལ་གཟིགས་	NO_POS
།		PUNCT
སོག་པ་	སོག་པ་	VERB
མདོ་	མདོ་	NOUN
ར་	ལ་	PART
སྡེ་	སྡེ་	NOUN
འཁྲུག་	འཁྲུག་	VERB
ཆེན་པོ་	ཆེན་པོ་	ADJ
བསྡུམ་	བསྡུམ་	NO_POS
།		PUNCT
སྙེ་བོ་	སྙེ་བོ་	NO_POS
ར་	ལ་	PART
ཕེབས་	ཕེབས་	NO_POS
།		PUNCT
སྒྲོལ་	སྒྲོལ་	VERB
དཀ་	དཀའ་	VERB
ར་	ལ་	PART
ཞལ་གཟིགས་	ཞལ་གཟིགས་	NO_POS
མཁའ་འགྲོ་	མཁའ་འགྲོ་	NOUN
མ་	མ་	PART
མང་པོ་	མང་པོ་	ADJ
ས་	གིས་	PART
ག་	ག་	NOUN
བྱེད་པ་	བྱེད་པ་	VERB
འང་	ཀྱང་	PART
གཟིགས་	གཟིགས་	VERB
།		PUNCT
གསའ་	གསའ་	NO_POS
ཕུ་	ཕུ་	VERB
ཕེབས་	ཕེབས་	NO_POS
།		PUNCT
བདེ་མཆོག་	བདེ་མཆོག་	PROPN
རིགས་	རིགས་	NOUN
བརྒྱད་	བརྒྱད་	NUM
གཟིགས་	གཟིགས་	VERB
།		PUNCT
རྒྱ་མཚོ་	རྒྱ་མཚོ་	NOUN
སྒང་	སྒང་	NOUN
དུ་	ལ་	PART
འཇམ་དབྱངས་	འཇམ་དབྱངས་	PROPN
དཀར་པོ་	དཀར་པོ་	ADJ
དང་	དང་	NO_POS
།		PUNCT
ཕག་མོ་	ཕག་མོ་	PROPN
།		PUNCT
ནཱ་	ནཱ་	NO_POS
རོ་པ་	རོ་པ་	NOUN
གཙོ་འཁོར་	གཙོ་འཁོར་	OTHER
གསུམ་	གསུམ་	NUM
རྣམས་	རྣམས་	DET
ཞལ་གཟིགས་	ཞལ་གཟིགས་	NO_POS
།		PUNCT
གཞན་	གཞན་	DET
ཡང་	ཀྱང་	PART
རྣམ་ཐར་	རྣམ་ཐར་	NOUN
ནོར་བུ་	ནོར་བུ་	NOUN
རབ་	རབ་	ADV
བརྩེགས་	བརྩེགས་	NO_POS
དང་	དང་	NO_POS
།		PUNCT
ཡོན་ཏན་	ཡོན་ཏན་	NOUN
རིན་ཆེན་	རིན་ཆེན་	OTHER
མི་ཟད་	མི་ཟད་	NO_POS
གཏེར་	གཏེར་	NOUN
དང་	དང་	NO_POS
།		PUNCT
རྒྱས་པ་	རྒྱས་པ་	VERB
འི་	གི་	PART
མཚོ་སྐྱེས་	མཚོ་སྐྱེས་	OTHER
རྣམས་	རྣམས་	DET
ལ་	ལ་	ADP
ས་	གིས་	PART
འདི་རིགས་	འདི་རིགས་	NO_POS
ཤིན་ཏུ་	ཤིན་ཏུ་	NO_POS
རྒྱས་པ་	རྒྱས་པ་	VERB
ར་	ལ་	PART
གསུངས་	གསུངས་	VERB
སོ་	གོ་	PART
།།		PUNCT
ཉང་པོ་	ཉང་པོ་	NO_POS
ཁོ་	ཁོ་	PRON
མད་	མདའ་	NOUN
ར་	ལ་	PART
ཕེབས་	ཕེབས་	NO_POS
།		PUNCT
ཀླུ་སྒྲུབ་	ཀླུ་སྒྲུབ་	PROPN
ཡབ་	ཡབ་	NOUN
སྲ་	སྲ་	NOUN
དང་	དང་	NO_POS
།		PUNCT
ཕག་མོ་	ཕག་མོ་	PROPN
དབུ་	དབུ་	NOUN
བཅད་	བཅད་	VERB
མ་	མ་	PART
ཞལ་གཟིགས་	ཞལ་གཟིགས་	NO_POS
།		PUNCT
རེ་	རེ་	DET
རྒྱབ་	རྒྱབ་	NOUN
ཏུ་	ལ་	PART
ཕེབས་	ཕེབས་	NO_POS
།		PUNCT
རྟ་མགྲིན་	རྟ་མགྲིན་	PROPN
ཞལ་གཟིགས་	ཞལ་གཟིགས་	NO_POS
།		PUNCT
མཚུར་ཕུ་	མཚུར་ཕུ་	PROPN
ར་	ལ་	PART
དཔལ་མགོན་པོ་	དཔལ་མགོན་པོ་	OTHER
དངུལ་	དངུལ་	NOUN
གྱི་	གི་	PART
མེ་ལོང་	མེ་ལོང་	NOUN
འཛིན་པ་	འཛིན་པ་	VERB
དང་	དང་	NO_POS
ལྷ་མོ་	ལྷ་མོ་	NOUN
གདུགས་དཀར་	གདུགས་དཀར་	NO_POS
ཞལ་གཟིགས་	ཞལ་གཟིགས་	NO_POS
།		PUNCT
ལྷ་ས་	ལྷ་ས་	PROPN
ཇོ་བོ་	ཇོ་བོ་	NOUN
འི་	གི་	PART
དྲུང་	དྲུང་	NOUN
དུ་	ལ་	PART
ཀུན་མཁྱེན་	ཀུན་མཁྱེན་	OTHER
རོང་པོ་	རོང་པོ་	PROPN
སོགས་	སོགས་	DET
སྐྱ་སེར་	སྐྱ་སེར་	NO_POS
ཁྲི་ཕྲག་	ཁྲི་ཕྲག་	NO_POS
མང་པོ་	མང་པོ་	ADJ
ར་	ལ་	PART
ཟབ་	ཟབ་	VERB
རྒྱ་	རྒྱ་	VERB
ཀྱི་	གི་	PART
ཆོས་འཁོར་	ཆོས་འཁོར་	NOUN
བསྐོར་	བསྐོར་	VERB
།		PUNCT
ཀུན་མཁྱེན་	ཀུན་མཁྱེན་	OTHER
རོང་	རོང་	PROPN
སྟོན་	སྟོན་	VERB
ཤིན་ཏུ་	ཤིན་ཏུ་	NO_POS
དད་	དད་	VERB
དེ་	སྟེ་	PART
རང་	རང་	PRON
གི་	གི་	PART
གཟིགས་	གཟིགས་	VERB
སྣང་	སྣང་	VERB
དང་	དང་	NO_POS
མཐུན་པ་	མཐུན་པ་	VERB
ར་	ལ་	PART
།		PUNCT
སྟེང་	སྟེང་	NOUN
ན་	ལ་	PART
ལྷ་	ལྷ་	NOUN
ཡི་	གི་	PART
གདུགས་དཀར་	གདུགས་དཀར་	NO_POS
ལེགས་	ལེགས་	VERB
བཟུང་	བཟུང་	NO_POS
ཞིང་	ཅིང་	PART
སོགས་	སོགས་	DET
བསྟོད་པ་	བསྟོད་པ་	VERB
མཛད་	མཛད་	VERB
།		PUNCT
སྤྲུལ་པ་	སྤྲུལ་པ་	VERB
འི་	གི་	PART
སྐུ་	སྐུ་	VERB
ཀྱང་	ཀྱང་	PART
ཚུ་		
ལ་	ལ་	PART
གཞུང་ལུགས་	གཞུང་ལུགས་	NOUN
དང་	དང་	NO_POS
མན་ངག་	མན་ངག་	NOUN
དུ་མ་	དུ་མ་	ADJ
གསན་པ་	གསན་པ་	VERB
ས་	གིས་	PART
ང་	ང་	PRON
ལ་	ལ་	PART
སངས་རྒྱས་	སངས་རྒྱས་	NOUN
སློབ་མ་	སློབ་མ་	NOUN
ར་	ལ་	PART
ཡོད་པ་	ཡོད་པ་	VERB
ཡིན་	ཡིན་	NO_POS
ཞེ་	ཅེས་	PART
སེངྒེའི་		NON_WORD
སྒྲ་	སྒྲ་	NOUN
ཆེན་པོ་	ཆེན་པོ་	ADJ
བསྒྲགས་པ་	བསྒྲགས་པ་	VERB
ར་	ལ་	PART
མཛད་	མཛད་	VERB
།		PUNCT
སྣ་	སྣ་	NOUN
འབའ་	འབའ་	VERB
དུ་	ལ་	PART
ཌོམྦི་		NON_WORD
ཧེ་རུ་ཀ་	ཧེ་རུ་ཀ་	NOUN
ཞལ་གཟིགས་	ཞལ་གཟིགས་	NO_POS
།		PUNCT
ཡང་	ཀྱང་	PART
མཚུར་ཕུ་	མཚུར་ཕུ་	PROPN
ར་	ལ་	PART
ནག་པོ་	ནག་པོ་	ADJ
ཆེན་པོ་	ཆེན་པོ་	ADJ
དང་	དང་	NO_POS
དབྱངས་ཅན་	དབྱངས་ཅན་	PROPN
མ་	མ་	PART
ཞལ་གཟིགས་	ཞལ་གཟིགས་	NO_POS
ན་	ནས་	PART
བསྟོད་པ་	བསྟོད་པ་	VERB
མཛད་	མཛད་	VERB
།		PUNCT
དུས་འཁོར་	དུས་འཁོར་	PROPN
དང་	དང་	NO_POS
།		PUNCT
མགོན་པོ་	མགོན་པོ་	NOUN
འབྲུག་	འབྲུག་	NOUN
ལ་	ལ་	PART
ཆིབས་པ་	ཆིབས་པ་	VERB
ས་	གིས་	PART
གཏོར་མ་	གཏོར་མ་	NOUN
གསོལ་བ་	གསོལ་བ་	VERB
དང་	དང་	NO_POS
།		PUNCT
རལ་གྲི་	རལ་གྲི་	NOUN
བསྣམས་པ་	བསྣམས་པ་	NO_POS
གཟིགས་	གཟིགས་	VERB
།		PUNCT
གནམ་མཚོ་	གནམ་མཚོ་	OTHER
དང་	དང་	NO_POS
ན་མ་	ན་མ་	PROPN
ར་	ལ་	PART
སོགས་	སོགས་	DET
སུ་	ལ་	PART
ཕེབས་	ཕེབས་	NO_POS
།		PUNCT
རོང་པོ་	རོང་པོ་	PROPN
དང་	དང་	NO_POS
མི་	མི་	PART
ཉག་	ཉག་	NOUN
གི་	གི་	PART
འཁྲུག་པ་	འཁྲུག་པ་	VERB
བསྡུམ་	བསྡུམ་	NO_POS
།		PUNCT
སྟག་ལུང་	སྟག་ལུང་	OTHER
དུ་	ལ་	PART
འདུས་སྡེ་	འདུས་སྡེ་	OTHER
ར་	ལ་	PART
ཆོ་	ཆོ་	NOUN
གསུངས་པ་	གསུངས་པ་	VERB
འི་	གི་	PART
ཚེ་	ཚེ་	NOUN
མེ་ཏོག་	མེ་ཏོག་	NOUN
གི་	གི་	PART
ཆ་	ཆ་	NOUN
ར་	ལ་	PART
བབ་	བབ་	VERB
།		PUNCT
རྔོད་	རྔོད་	VERB
དུ་	ལ་	PART
ཕེབས་	ཕེབས་	NO_POS
།		PUNCT
དམ་ཅན་	དམ་ཅན་	NOUN
དང་	དང་	NO_POS
ཞིང་སྐྱོང་	ཞིང་སྐྱོང་	NOUN
གིས་	གིས་	PART
ཕྲིན་ལས་	ཕྲིན་ལས་	NOUN
བསྒྲུབ་པ་	བསྒྲུབ་པ་	VERB
ར་	ལ་	PART
ཁ་	ཁ་	PRON
ས་	གིས་	PART
བླངས་	བླངས་	VERB
།		PUNCT
སོ་	གོ་	PART
རི་	རི་	NOUN
ར་	ལ་	PART
ཕག་མོ་	ཕག་མོ་	PROPN
དོན་གྲུབ་	དོན་གྲུབ་	PROPN
མ་	མ་	PART
ཞལ་གཟིགས་	ཞལ་གཟིགས་	NO_POS
།		PUNCT
རྣམ་ཐོས་	རྣམ་ཐོས་	PROPN
ཀྱི་	གི་	PART
རི་བོ་	རི་བོ་	NOUN
ར་	ལ་	PART
ཁ་དོག་	ཁ་དོག་	NOUN
སྣ་ཚོགས་པ་	སྣ་ཚོགས་པ་	DET
འི་	གི་	PART
ནམ་མཁའ་	ནམ་མཁའ་	NOUN
ལྡིང་	ལྡིང་	VERB
དང་	དང་	NO_POS
ཞོ་ཁ་	ཞོ་ཁ་	NO_POS
ར་	ལ་	PART
འཇམ་དཔལ་	འཇམ་དཔལ་	PROPN
ཚེ་	ཚེ་	NOUN
བདག་	བདག་	PRON
ཞལ་གཟིགས་	ཞལ་གཟིགས་	NO_POS
།		PUNCT
སྙེ་བོ་	སྙེ་བོ་	NO_POS
ར་	ལ་	PART
ཕེབས་	ཕེབས་	NO_POS
།		PUNCT
ཚེ་	ཚེ་	NOUN
དཔག་མེད་	དཔག་མེད་	ADJ
དཀར་པོ་	དཀར་པོ་	ADJ
དང་	དང་	NO_POS
།		PUNCT
སྤྲིན་	སྤྲིན་	NOUN
ས་	ས་	ADP
ལ་	ལ་	ADP
ར་	ལ་	PART
མཁའ་འགྲོ་	མཁའ་འགྲོ་	NOUN
རྒྱ་མཚོ་	རྒྱ་མཚོ་	NOUN
དཔའ་	དཔའ་	NOUN
གཅིག་	གཅིག་	NUM
དང་	དང་	NO_POS
གཡུ་མཚོ་	གཡུ་མཚོ་	OTHER
ར་	ལ་	PART
གདུགས་དཀར་	གདུགས་དཀར་	NO_POS
དང་	དང་	NO_POS
རྣལ་འབྱོར་	རྣལ་འབྱོར་	NOUN
ནམ་མཁའ་	ནམ་མཁའ་	NOUN
དབུ་	དབུ་	NOUN
ཐོག་	ཐོག་	NOUN
ཏུ་	ལ་	PART
རིན་པོ་ཆེ་	རིན་པོ་ཆེ་	ADJ
འི་	གི་	PART
གདུགས་	གདུགས་	NOUN
ཡོད་པ་	ཡོད་པ་	VERB
དང་	དང་	NO_POS
རྡོ་རྗེ་	རྡོ་རྗེ་	NOUN
རྣམ་	རྣམ་	NOUN
འཇོམས་	འཇོམས་	NO_POS
དཀར་པོ་	དཀར་པོ་	ADJ
ལ་	ལ་	PART
ལྷ་མོ་	ལྷ་མོ་	NOUN
བཅུ་དྲུག་	བཅུ་དྲུག་	NO_POS
ཏིང་ཏིང་	ཏིང་ཏིང་	OTHER
ཤག་	ཤག་	NO_POS
བརྡུང་བ་	བརྡུང་བ་	VERB
ས་	གིས་	PART
བསྐོར་བ་	བསྐོར་བ་	VERB
གཟིགས་	གཟིགས་	VERB
།		PUNCT
ལྷོ་	ལྷོ་	NOUN
རོང་	རོང་	PROPN
དུ་	ལ་	PART
ཕེབས་	ཕེབས་	NO_POS
ན་	ནས་	PART
དེ་	སྟེ་	PART
ཕྱོགས་	ཕྱོགས་	NOUN
ཀྱི་	གི་	PART
གདུལ་བྱ་	གདུལ་བྱ་	NOUN
རྣམས་	རྣམས་	DET
ཆོ་	ཆོ་	NOUN
དང་	དང་	NO_POS
།		PUNCT
ཟང་ཟིང་	ཟང་ཟིང་	NOUN
གིས་	གིས་	PART
ཚིམས་པ་	ཚིམས་པ་	NO_POS
ར་	ལ་	PART
མཛད་	མཛད་	VERB
།		PUNCT
བསྟན་བཅོས་	བསྟན་བཅོས་	NOUN
འགྱུར་	འགྱུར་	VERB
རོ་	རོ་	NOUN
ཚལ་	ཚལ་	NOUN
གོ་	གོ་	NOUN
ད་	ད་	NOUN
གྱིས་	གིས་	PART
ན་བཟ་	ན་བཟའ་	NOUN
འི་	གི་	PART
ཐུམ་	ཐུམ་	NO_POS
བཅའ་	བཅའ་	VERB
བཞེངས་	བཞེངས་	NO_POS
།		PUNCT
ངོམ་	ངོམ་	NO_POS
སྒང་	སྒང་	NOUN
རྣམ་རྒྱལ་	རྣམ་རྒྱལ་	NOUN
སྒང་	སྒང་	NOUN
དུ་	ལ་	PART
ཕག་མོ་	ཕག་མོ་	PROPN
སེར་མོ་	སེར་མོ་	ADJ
རྒྱན་	རྒྱན་	NOUN
སྤངས་པ་	སྤངས་པ་	VERB
གཟིགས་	གཟིགས་	VERB
།		PUNCT
ཀརྨ་	ཀརྨ་	NO_POS
དགོན་	དགོན་	OTHER
དུ་	ལ་	PART
ཕེབས་	ཕེབས་	NO_POS
།		PUNCT
སྐྱ་སེར་	སྐྱ་སེར་	NO_POS
མང་པོ་	མང་པོ་	ADJ
ར་	ལ་	PART
ཆོ་	ཆོ་	NOUN
ཀྱི་	གི་	PART
འཁོར་ལོ་	འཁོར་ལོ་	NOUN
བསྐོར་	བསྐོར་	VERB
།		PUNCT
ཟུར་	ཟུར་	NOUN
མང་	མང་	VERB
དགོན་	དགོན་	OTHER
དུ་	ལ་	PART
འཁོར་ལོ་	འཁོར་ལོ་	NOUN
བདེ་མཆོག་	བདེ་མཆོག་	PROPN
ཞལ་གཟིགས་	ཞལ་གཟིགས་	NO_POS
།		PUNCT
སྒྲོལ་མ་	སྒྲོལ་མ་	PROPN
ལྷ་ཁང་	ལྷ་ཁང་	NOUN
དུ་	ལ་	PART
སྒྲོལ་མ་	སྒྲོལ་མ་	PROPN
ལྗང་གུ་	ལྗང་གུ་	NO_POS
ཞལ་གཟིགས་	ཞལ་གཟིགས་	NO_POS
ན་	ནས་	PART
བསྟོད་པ་	བསྟོད་པ་	VERB
མཛད་	མཛད་	VERB
།		PUNCT
དེ་	དེ་	DET
ར་	ལ་	PART
མི་ལ་རས་པ་	མི་ལ་རས་པ་	PROPN
ཞལ་གཟིགས་	ཞལ་གཟིགས་	NO_POS
ན་	ནས་	PART
བསྟོད་པ་	བསྟོད་པ་	VERB
འང་	ཀྱང་	PART
མཛད་	མཛད་	VERB
།		PUNCT
སླ་	སླ་	ADV
ཀརྨ་	ཀརྨ་	NO_POS
ར་	ལ་	PART
ཕེབས་	ཕེབས་	NO_POS
།		PUNCT
རང་བྱུང་	རང་བྱུང་	NOUN
རྒྱལ་མོ་	རྒྱལ་མོ་	OTHER
དང་	དང་	NO_POS
།		PUNCT
རྡོ་རྗེ་	རྡོ་རྗེ་	NOUN
གཏུམ་པོ་	གཏུམ་པོ་	ADJ
ཞལ་གཟིགས་	ཞལ་གཟིགས་	NO_POS
ན་	ནས་	PART
བསྟོད་པ་	བསྟོད་པ་	VERB
མཛད་	མཛད་	VERB
།		PUNCT
འབྲོང་	འབྲོང་	OTHER
དུར་	དུར་	NOUN
རྗེ་	རྗེ་	NO_POS
ཉིད་	ཉིད་	DET
འཁོར་ལོ་	འཁོར་ལོ་	NOUN
བདེ་མཆོག་	བདེ་མཆོག་	PROPN
ནམ་མཁའ་	ནམ་མཁའ་	NOUN
ཁེངས་པ་	ཁེངས་པ་	VERB
ར་	ལ་	PART
སྤྲུལ་	སྤྲུལ་	VERB
ན་	ནས་	PART
འགྲོ་བ་	འགྲོ་བ་	VERB
འདུལ་བ་	འདུལ་བ་	VERB
འི་	གི་	PART
སྒྱུ་འཕྲུལ་	སྒྱུ་འཕྲུལ་	PROPN
མཐའ་ཡས་པ་	མཐའ་ཡས་པ་	ADJ
བསྟན་	བསྟན་	VERB
།		PUNCT
ཕྱག་རྡོར་	ཕྱག་རྡོར་	PROPN
གྱི་	གི་	PART
སྤྱི་བོ་	སྤྱི་བོ་	NOUN
ར་	ལ་	PART
ས་	ས་	ADP
ཆེན་	ཆེན་	NO_POS
ཀུན་	ཀུན་	DET
སྙིང་	སྙིང་	NOUN
བཞུགས་པ་	བཞུགས་པ་	VERB
གཟིགས་	གཟིགས་	VERB
།		PUNCT
ཤར་ཕྱོགས་	ཤར་ཕྱོགས་	NOUN
སྤུངས་	སྤུངས་	VERB
རི་	རི་	NOUN
ར་	ལ་	PART
འཇིག་རྟེན་	འཇིག་རྟེན་	NOUN
དབང་ཕྱུག་	དབང་ཕྱུག་	NOUN
དཔའ་བོ་	དཔའ་བོ་	NOUN
མཁའ་འགྲོ་	མཁའ་འགྲོ་	NOUN
ཆོས་སྐྱོང་	ཆོས་སྐྱོང་	NOUN
བསམ་	བསམ་	NOUN
གྱིས་	གིས་	PART
མི་	མི་	PART
ཁྱབ་པ་	ཁྱབ་པ་	VERB
ས་	གིས་	PART
བསྐོར་བ་	བསྐོར་བ་	VERB
གཟིགས་	གཟིགས་	VERB
།		PUNCT
དེ་	དེ་	DET
ར་	ལ་	PART
རྟ་མཆོག་	རྟ་མཆོག་	NOUN
ཐུགས་	ཐུགས་	NOUN
དྲིལ་	དྲིལ་	VERB
ཞལ་གཟིགས་	ཞལ་གཟིགས་	NO_POS
ན་	ནས་	PART
སྒྲུབ་ཐབས་	སྒྲུབ་ཐབས་	NOUN
མཛད་	མཛད་	VERB
།		PUNCT
འདི་	འདི་	DET
བདེ་ཆེན་	བདེ་ཆེན་	NOUN
གླིང་པ་	གླིང་པ་	NOUN
འི་	གི་	PART
རྟ་	རྟ་	NOUN
ཕྱག་	ཕྱག་	NOUN
ཁྱུང་	ཁྱུང་	NOUN
གསུམ་	གསུམ་	NUM
གྱི་	གི་	PART
སྒྲུབ་ཐབས་	སྒྲུབ་ཐབས་	NOUN
དང་	དང་	NO_POS
གཅིག་པ་	གཅིག་པ་	ADJ
ར་	ལ་	PART
འདུག་	འདུག་	VERB
ཀཾ་པོ་	ཀཾ་པོ་	NON_WORD
གནས་	གནས་	NOUN
ནང་	ནང་	NOUN
དུ་	ལ་	PART
ཕེབས་	ཕེབས་	NO_POS
།		PUNCT
ཆོས་འཁོར་	ཆོས་འཁོར་	NOUN
རྒྱ་	རྒྱ་	NOUN
ཆེ་	ཆེ་	VERB
ར་	ལ་	PART
བསྐོར་	བསྐོར་	VERB
།		PUNCT
མཁའ་འགྲོ་	མཁའ་འགྲོ་	NOUN
གླིང་	གླིང་	NOUN
དུ་	ལ་	PART
ཕག་མོ་	ཕག་མོ་	PROPN
སེར་མོ་	སེར་མོ་	ADJ
ཕྱག་	ཕྱག་	NOUN
མཐའ་ཡས་པ་	མཐའ་ཡས་པ་	ADJ
དང་	དང་	NO_POS
ཆོས་ཁྲི་	ཆོས་ཁྲི་	NO_POS
ཐང་	ཐང་	NOUN
དུ་	ལ་	PART
མགོན་པོ་	མགོན་པོ་	NOUN
ད་	ད་	NOUN
སྣ་ཚོགས་	སྣ་ཚོགས་	DET
ཀྱི་	གི་	PART
བ་དན་	བ་དན་	NOUN
བསྣམས་པ་	བསྣམས་པ་	NO_POS
ཞལ་གཟིགས་	ཞལ་གཟིགས་	NO_POS
།		PUNCT
སྤང་	སྤང་	VERB
ཕུག་	ཕུག་	NOUN
ཏུ་	ལ་	PART
ས་ར་	ས་ར་	NO_POS
ཧ་	ཧ་	NOUN
རིག་མ་	རིག་མ་	NOUN
གཉིས་	གཉིས་	NUM
དང་	དང་	NO_POS
བཅས་པ་	བཅས་པ་	VERB
ཞལ་གཟིགས་	ཞལ་གཟིགས་	NO_POS
།		PUNCT
དེ་	དེ་	DET
ར་	ལ་	PART
ལྭ་བ་པ་	ལྭ་བ་པ་	NO_POS
ཞལ་གཟིགས་	ཞལ་གཟིགས་	NO_POS
།		PUNCT
ལི་ཐང་	ལི་ཐང་	PROPN
དུ་	ལ་	PART
ཕེབ་	ཕེབ་	NO_POS
ཚེ་	ཚེ་	NOUN
རབ་	རབ་	ADV
སྒང་	སྒང་	NOUN
གི་	གི་	PART
གཞི་བདག་	གཞི་བདག་	NOUN
རྣམས་	རྣམས་	DET
ཀྱིས་	གིས་	PART
བསུ་བ་	བསུ་བ་	VERB
གཟིགས་	གཟིགས་	VERB
།		PUNCT
འགོམ་	འགོམ་	NO_POS
སྒང་	སྒང་	NOUN
དུ་	ལ་	PART
བཅོམ་ལྡན་འདས་	བཅོམ་ལྡན་འདས་	NOUN
མ་	མ་	PART
གདུགས་དཀར་	གདུགས་དཀར་	NO_POS
མོ་	གོ་	PART
ཅན་	ཅན་	PART
ཞལ་གཟིགས་	ཞལ་གཟིགས་	NO_POS
།		PUNCT
ཛ་	ཛ་	OTHER
ལནྡྷ་		NON_WORD
ར་	ར་	ADP
ར་	ལ་	PART
ཕེབས་	ཕེབས་	NO_POS
།		PUNCT
མཁས་གྲུབ་	མཁས་གྲུབ་	NOUN
འཇམ་དབྱངས་	འཇམ་དབྱངས་	PROPN
གྲགས་པ་	གྲགས་པ་	VERB
འི་	གི་	PART
བུ་ཆེན་	བུ་ཆེན་	NOUN
རྣམས་	རྣམས་	DET
ཀྱིས་	གིས་	PART
གསེར་དངུལ་	གསེར་དངུལ་	NOUN
སོགས་	སོགས་	DET
འབུལ་	འབུལ་	NO_POS
ཆེན་	ཆེན་	NO_POS
བསྟབས་	བསྟབས་	NO_POS
།		PUNCT
ཕྱག་	ཕྱག་	NOUN
དྲུག་པ་	དྲུག་པ་	NUM
ཞལ་གཟིགས་	ཞལ་གཟིགས་	NO_POS
།		PUNCT
ཀྵེ་		NON_WORD
ཏྲ་		NON_WORD
པཱ་	པཱ་	NO_POS
ལ་	ལ་	ADP
ས་	གིས་	PART
ཁོ་བོ་	ཁོ་བོ་	PRON
འཇམ་དབྱངས་	འཇམ་དབྱངས་	PROPN
གྲགས་པ་	གྲགས་པ་	VERB
འི་	གི་	PART
བཀའ་སྲུང་	བཀའ་སྲུང་	OTHER
ཡིན་པ་	ཡིན་པ་	AUX
ས་	གིས་	PART
གཏོར་མ་	གཏོར་མ་	NOUN
བྱིན་	བྱིན་	VERB
ཅིག་	ཅིག་	PART
ཞུས་པ་	ཞུས་པ་	VERB
ས་	གིས་	PART
དེ་	སྟེ་	PART
ཕྱིན་ཆད་	ཕྱིན་ཆད་	ADV
གཏོར་མ་	གཏོར་མ་	NOUN
འབུལ་བ་	འབུལ་བ་	VERB
ར་	ལ་	PART
མཛད་	མཛད་	VERB
།		PUNCT
ནག་པོ་	ནག་པོ་	ADJ
ཆེན་པོ་	ཆེན་པོ་	ADJ
རིན་པོ་ཆེ་	རིན་པོ་ཆེ་	ADJ
འི་	གི་	PART
རྒྱན་	རྒྱན་	NOUN
ཅན་	ཅན་	PART
དང་	དང་	NO_POS
རྗེ་	རྗེ་	NO_POS
ཕག་མོ་	ཕག་མོ་	PROPN
གྲུ་པ་	གྲུ་པ་	PROPN
ཞལ་གཟིགས་	ཞལ་གཟིགས་	NO_POS
།		PUNCT
ཁྱེད་	ཁྱེད་	PRON
ཀྱི་	གི་	PART
ཕྲིན་ལས་	ཕྲིན་ལས་	NOUN
ཀྱི་	གི་	PART
གྲོག་	གྲོག་	NOUN
ལ་	ལ་	PART
བྱོན་པ་	བྱོན་པ་	VERB
ཡིན་	ཡིན་	NO_POS
གསུངས་	གསུངས་	VERB
།		PUNCT
དེ་	སྟེ་	PART
ཕྱོགས་	ཕྱོགས་	NOUN
ཀྱི་	གི་	PART
བཤེས་གཉེན་	བཤེས་གཉེན་	NOUN
རྣམས་	རྣམས་	DET
ལ་	ལ་	PART
ཆོ་	ཆོ་	NOUN
དྲུག་	དྲུག་	NUM
དང་	དང་	NO_POS
།		PUNCT
ཕྱག་	ཕྱག་	NOUN
ཆེན་	ཆེན་	NO_POS
སྐུ་གསུམ་	སྐུ་གསུམ་	OTHER
ངོ་སྤྲོད་	ངོ་སྤྲོད་	NOUN
།		PUNCT
དྲུང་	དྲུང་	NOUN
རང་	རང་	PRON
གི་	གི་	PART
བཀའ་འབུམ་	བཀའ་འབུམ་	NOUN
སོགས་	སོགས་	DET
དབང་ལུང་	དབང་ལུང་	NO_POS
མང་པོ་	མང་པོ་	ADJ
གནང་	གནང་	NO_POS
།		PUNCT
རབ་	རབ་	ADV
སྒང་	སྒང་	NOUN
སྟོད་སྨད་	སྟོད་སྨད་	NOUN
དུ་	ལ་	PART
ཕེབས་	ཕེབས་	NO_POS
།		PUNCT
སྒོ་	སྒོ་	NOUN
གཉིས་པ་	གཉིས་པ་	NUM
འི་	གི་	PART
ལྷ་ཁང་	ལྷ་ཁང་	NOUN
དུ་	ལ་	PART
པདྨ་	པདྨ་	NOUN
ཌཱ་ཀི་	ཌཱ་ཀི་	NOUN
གཉིས་	གཉིས་	NUM
ཞལ་གཟིགས་	ཞལ་གཟིགས་	NO_POS
།		PUNCT
གསེར་	གསེར་	NOUN
ཤེ་	ཤེ་	PART
ཐང་	ཐང་	NOUN
དུ་	ལ་	PART
མཁའ་སྤྱོད་	མཁའ་སྤྱོད་	NOUN
མ་	མ་	PART
དམར་མོ་	དམར་མོ་	ADJ
གཟིགས་	གཟིགས་	VERB
།		PUNCT
རྟ་ར་	རྟ་ར་	OTHER
དགོན་	དགོན་	OTHER
དུ་	ལ་	PART
དབོན་	དབོན་	NO_POS
རིན་པོ་ཆེ་	རིན་པོ་ཆེ་	ADJ
གྲགས་པ་	གྲགས་པ་	VERB
དཔལ་	དཔལ་	OTHER
དང་	དང་	NO_POS
རྨ་	རྨ་	NOUN
སེ་	སེ་	NO_POS
དགོན་	དགོན་	OTHER
དུ་	ལ་	PART
རྡོ་རྗེ་	རྡོ་རྗེ་	NOUN
རྣལ་འབྱོར་	རྣལ་འབྱོར་	NOUN
མ་	མ་	PART
གནོད་སྦྱིན་	གནོད་སྦྱིན་	NOUN
ཆེན་པོ་	ཆེན་པོ་	ADJ
ཞིང་སྐྱོང་	ཞིང་སྐྱོང་	NOUN
དང་	དང་	NO_POS
བཅས་པ་	བཅས་པ་	VERB
ཞལ་གཟིགས་	ཞལ་གཟིགས་	NO_POS
།		PUNCT
སྒོ་	སྒོ་	NOUN
སྡོང་	སྡོང་	NO_POS
གི་	གི་	PART
འཁྲུག་	འཁྲུག་	VERB
མོ་	གོ་	PART
ཆེ་	ཆེ་	VERB
སྡུམ་	སྡུམ་	NO_POS
།		PUNCT
མི་མ་ཡིན་	མི་མ་ཡིན་	NO_POS
གྱི་	གི་	PART
ཆོ་འཕྲུལ་	ཆོ་འཕྲུལ་	NOUN
ཐམས་ཅད་	ཐམས་ཅད་	DET
གཞིལ་བ་	གཞིལ་བ་	NO_POS
ར་	ལ་	PART
མཛད་	མཛད་	VERB
།		PUNCT
སྟོད་སྨད་	སྟོད་སྨད་	NOUN
ཀྱི་	གི་	PART
འཁྲུག་	འཁྲུག་	VERB
མང་	མང་	VERB
ཐམས་ཅད་	ཐམས་ཅད་	DET
ཞི་བ་	ཞི་བ་	VERB
ར་	ལ་	PART
མཛད་	མཛད་	VERB
ན་	ནས་	PART
ཛ་	ཛ་	OTHER
ལནྡྷ་		NON_WORD
ར་	ར་	ADP
ར་	ལ་	PART
ཕེབས་	ཕེབས་	NO_POS
།		PUNCT
གསེར་	གསེར་	NOUN
གྱི་	གི་	PART
བཀའ་འགྱུར་	བཀའ་འགྱུར་	NOUN
གླེགས་ཤིང་	གླེགས་ཤིང་	NO_POS
ཐགས་	ཐགས་	NOUN
བཅའ་	བཅའ་	VERB
བཞེངས་	བཞེངས་	NO_POS
།		PUNCT
འགོམ་	འགོམ་	NO_POS
བདེ་ཆེན་	བདེ་ཆེན་	NOUN
དགོན་	དགོན་	OTHER
དུ་	ལ་	PART
རྒྱུད་སྡེ་	རྒྱུད་སྡེ་	NOUN
འི་	གི་	PART
དཀྱིལ་འཁོར་	དཀྱིལ་འཁོར་	NOUN
མང་པོ་	མང་པོ་	ADJ
ཞལ་	ཞལ་	NOUN
ཕྱེ་	ཕྱེ་	VERB
།		PUNCT
ཆུ་	ཆུ་	NOUN
དཀོན་	དཀོན་	NO_POS
ས་	ས་	ADP
ར་	ལ་	PART
བདེན་ཚིག་	བདེན་ཚིག་	OTHER
བརྗོད་པ་	བརྗོད་པ་	VERB
ས་	གིས་	PART
ཆུ་མིག་	ཆུ་མིག་	NOUN
རྡོལ་	རྡོལ་	NO_POS
།		PUNCT
སྤོ་	སྤོ་	VERB
འབོ་		
སྒང་	སྒང་	NOUN
དང་	དང་	NO_POS
།		PUNCT
ཕྱག་	ཕྱག་	NOUN
འབུ་	འབུ་	NOUN
ཁེ་	ཁེ་	NOUN
གསུམ་	གསུམ་	NUM
གྱི་	གི་	PART
སྐྱེ་འགྲོ་	སྐྱེ་འགྲོ་	NOUN
ནམས་		NON_WORD
ལ་	ལ་	PART
ཆོས་འཁོར་	ཆོས་འཁོར་	NOUN
བསྐོར་	བསྐོར་	VERB
།		PUNCT
སྤམ་	སྤམ་	NO_POS
ཕུག་	ཕུག་	NOUN
ཏུ་	ལ་	PART
ཕེབས་	ཕེབས་	NO_POS
།		PUNCT
རྡོ་རྗེ་	རྡོ་རྗེ་	NOUN
བདག་མེད་	བདག་མེད་	ADJ
མ་	མ་	PART
རིགས་	རིགས་	NOUN
དྲུག་	དྲུག་	NUM
ཞལ་གཟིགས་	ཞལ་གཟིགས་	NO_POS
ཏེ་	སྟེ་	PART
སྒྲུབ་ཐབས་	སྒྲུབ་ཐབས་	NOUN
བཛད་		NON_WORD
།		PUNCT
གཞན་	གཞན་	DET
ཡང་	ཀྱང་	PART
ལྷག་པ་	ལྷག་པ་	VERB
འི་	གི་	PART
ལྷ་	ལྷ་	NOUN
མང་པོ་	མང་པོ་	ADJ
ཞལ་གཟིགས་	ཞལ་གཟིགས་	NO_POS
ན་	ནས་	PART
སྒྲུབ་ཐབས་	སྒྲུབ་ཐབས་	NOUN
མང་པོ་	མང་པོ་	ADJ
མཛད་	མཛད་	VERB
།		PUNCT
དེ་ནས་	དེ་ནས་	NO_POS
གླིང་	གླིང་	NOUN
དཔོན་	དཔོན་	NOUN
ཆེན་	ཆེན་	NO_POS
སོགས་	སོགས་	DET
ཀྱིས་	གིས་	PART
གདན་	གདན་	NOUN
དྲངས་	དྲངས་	NO_POS
ཏེ་	སྟེ་	PART
ཏྲེ་	ཏྲེ་	NO_POS
ཡུལ་	ཡུལ་	NOUN
སྟོད་སྨད་	སྟོད་སྨད་	NOUN
།		PUNCT
ཤེ་	ཤེ་	VERB
ཁོག་	ཁོག་	VERB
ལྕགས་མོ་	ལྕགས་མོ་	NO_POS
ལ་སོགས་	ལ་སོགས་	NO_POS
རྣམས་	རྣམས་	DET
སུུ་		NON_WORD
ཕེབས་	ཕེབས་	NO_POS
ན་	ནས་	PART
ལྷ་སྡེ་	ལྷ་སྡེ་	PROPN
མི་སྡེ་	མི་སྡེ་	NO_POS
རྣམས་	རྣམས་	DET
ཆོ་	ཆོ་	NOUN
དང་	དང་	NO_POS
ཟང་ཟིང་	ཟང་ཟིང་	NOUN
གིས་	གིས་	PART
ཚིམས་པ་	ཚིམས་པ་	NO_POS
ར་	ལ་	PART
མཛད་	མཛད་	VERB
།		PUNCT
ཁང་དམར་	ཁང་དམར་	NO_POS
དགོན་	དགོན་	OTHER
དུ་	ལ་	PART
བསྟན་འགྱུར་	བསྟན་འགྱུར་	NOUN
བཞེངས་པ་	བཞེངས་པ་	VERB
འི་	གི་	PART
ཆ་	ཆ་	NOUN
རྐྱེན་	རྐྱེན་	NOUN
སྦྱར་	སྦྱར་	VERB
།		PUNCT
གླིང་	གླིང་	NOUN
དཔོན་	དཔོན་	NOUN
སེངྒེ་		NON_WORD
རྒྱལ་མཚན་	རྒྱལ་མཚན་	NOUN
གྱིས་	གིས་	PART
འདན་	འདན་	NO_POS
གཞུང་	གཞུང་	NOUN
དུ་	ལ་	PART
སྤྱན་	སྤྱན་	NOUN
དྲངས་	དྲངས་	NO_POS
ན་	ནས་	PART
དེ་	སྟེ་	PART
ཕྱོགས་	ཕྱོགས་	NOUN
ཐམས་ཅད་	ཐམས་ཅད་	DET
ཆོ་	ཆོ་	NOUN
དང་	དང་	NO_POS
ཟང་ཟིང་	ཟང་ཟིང་	NOUN
གིས་	གིས་	PART
ཚིམས་པ་	ཚིམས་པ་	NO_POS
ར་	ལ་	PART
མཛད་	མཛད་	VERB
།		PUNCT
ཀརྨ་	ཀརྨ་	NO_POS
ར་	ལ་	PART
ཕེབས་	ཕེབས་	NO_POS
།		PUNCT
ལྷ་ཁང་	ལྷ་ཁང་	NOUN
གི་	གི་	PART
ཞིག་གསོ་	ཞིག་གསོ་	NO_POS
དང་	དང་	NO_POS
འདུས་སྡེ་	འདུས་སྡེ་	OTHER
དར་རྒྱས་	དར་རྒྱས་	NOUN
མཛད་	མཛད་	VERB
།		PUNCT
དེ་ནས་	དེ་ནས་	NO_POS
རྟོགས་ལྡན་	རྟོགས་ལྡན་	OTHER
ཆོ་	ཆོ་	NOUN
དཔལ་	དཔལ་	OTHER
ཡེ་ཤེས་	ཡེ་ཤེས་	NOUN
ལ་སོགས་པ་	ལ་སོགས་པ་	NO_POS
རྣམས་	རྣམས་	DET
ཀྱིས་	གིས་	PART
གདན་	གདན་	NOUN
དྲངས་	དྲངས་	NO_POS
ན་	ནས་	PART
ཀོང་པོ་	ཀོང་པོ་	PROPN
ཕྱོགས་	ཕྱོགས་	NOUN
སུ་	ལ་	PART
ཕེབས་	ཕེབས་	NO_POS
།		PUNCT
ལམ་བར་	ལམ་བར་	NOUN
གྱི་	གི་	PART
མི་	མི་	PART
དང་	དང་	NO_POS
མི་མིན་	མི་མིན་	OTHER
ཐམས་ཅད་	ཐམས་ཅད་	DET
སྨིན་གྲོལ་	སྨིན་གྲོལ་	NOUN
ལ་	ལ་	PART
བཀོད་	བཀོད་	VERB
།		PUNCT
རྣམ་ཐོས་	རྣམ་ཐོས་	PROPN
ཀྱི་	གི་	PART
རི་བོ་	རི་བོ་	NOUN
ར་	ལ་	PART
ཕེབས་	ཕེབས་	NO_POS
།		PUNCT
དམ་པ་	དམ་པ་	VERB
སངས་རྒྱས་	སངས་རྒྱས་	NOUN
།		PUNCT
ཀླུ་སྒྲུབ་	ཀླུ་སྒྲུབ་	PROPN
ཡབ་	ཡབ་	NOUN
སྲ་	སྲ་	NOUN
།		PUNCT
སློབ་དཔོན་	སློབ་དཔོན་	NOUN
པདྨ་	པདྨ་	NOUN
།		PUNCT
མི་ལ་རས་པ་	མི་ལ་རས་པ་	PROPN
།		PUNCT
དཔལ་མགོན་	དཔལ་མགོན་	OTHER
ཕྱག་	ཕྱག་	NOUN
དྲུག་པ་	དྲུག་པ་	NUM
སོགས་	སོགས་	DET
བླ་མ་	བླ་མ་	NOUN
ཡི་དམ་	ཡི་དམ་	NOUN
ཆོས་སྐྱོང་	ཆོས་སྐྱོང་	NOUN
གྲངས་	གྲངས་	NOUN
ལ་	ལ་	ADP
ས་	གིས་	PART
འདས་པ་	འདས་པ་	VERB
ཞལ་གཟིགས་	ཞལ་གཟིགས་	NO_POS
།		PUNCT
གཞན་དག་	གཞན་དག་	NO_POS
གི་	གི་	PART
སྐྱེ་བ་	སྐྱེ་བ་	VERB
སྔ་ཕྱི་	སྔ་ཕྱི་	ADJ
མང་པོ་	མང་པོ་	ADJ
གསུངས་	གསུངས་	VERB
།		PUNCT
དེ་	སྟེ་	PART
ལ་སོགས་པ་	ལ་སོགས་པ་	NO_POS
སྣོད་	སྣོད་	NOUN
ལྡན་	ལྡན་	VERB
གྱི་	གི་	PART
སློབ་མ་	སློབ་མ་	NOUN
མང་པོ་	མང་པོ་	ADJ
སྨིན་གྲོལ་	སྨིན་གྲོལ་	NOUN
ལ་	ལ་	PART
བཀོད་པ་	བཀོད་པ་	VERB
ར་	ལ་	PART
མཛད་	མཛད་	VERB
དེ་	སྟེ་	PART
།		PUNCT
དགུང་ལོ་	དགུང་ལོ་	NOUN
སོ་	གོ་	PART
བདུན་པ་	བདུན་པ་	NUM
ཆུ་	ཆུ་	NOUN
སྤྲེལ་	སྤྲེལ་	NO_POS
ལོ་	གོ་	PART
ལ་རྩེ་	ལ་རྩེ་	NOUN
ལྷ་	ལྷ་	NOUN
སྒང་	སྒང་	NOUN
དུ་	ལ་	PART
བཞུགས་	བཞུགས་	VERB
ཚེ་	ཚེ་	NOUN
ལྐོག་	ལྐོག་	NOUN
འགྱུར་	འགྱུར་	VERB
གྱི་	གི་	PART
ལྟ་	ལྟ་	NOUN
ཤེ་	ཤེ་	VERB
རྣམས་	རྣམས་	DET
ཀྱིས་	གིས་	PART
སྐུ་	སྐུ་	NOUN
ཀེག་	ཀེག་	NO_POS
ཤིན་ཏུ་	ཤིན་ཏུ་	NO_POS
རྩུབ་	རྩུབ་	VERB
ཟེར་བ་	ཟེར་བ་	VERB
ར་	ལ་	PART
སློབ་དཔོན་	སློབ་དཔོན་	NOUN
སངས་རྒྱས་	སངས་རྒྱས་	NOUN
སེངྒེས་		NON_WORD
བརྟན་བཞུགས་	བརྟན་བཞུགས་	OTHER
ཕུལ་པ་	ཕུལ་པ་	VERB
ན་	ལ་	PART
།		PUNCT
ད་	ད་	ADV
ལ་	ལ་	PART
ངེད་	ངེད་	PRON
ལ་	ལ་	PART
སྐྱོན་	སྐྱོན་	NOUN
མི་	མི་	PART
ཡོང་	ཡོང་	NO_POS
ཟླ་བ་	ཟླ་བ་	NOUN
དགུ་	དགུ་	NUM
ངེད་རང་	ངེད་རང་	NO_POS
གིས་	གིས་	PART
ཁག་ཐེག་པ་	ཁག་ཐེག་པ་	NO_POS
ཡིན་	ཡིན་	NO_POS
གསུངས་	གསུངས་	VERB
།		PUNCT
དེ་ནས་	དེ་ནས་	NO_POS
གསའ་	གསའ་	NO_POS
ཕུ་	ཕུ་	VERB
ཕེབས་	ཕེབས་	NO_POS
ན་	ནས་	PART
རྟེན་	རྟེན་	NOUN
ཐམས་ཅད་	ཐམས་ཅད་	DET
ལ་	ལ་	PART
ན་བཟའ་	ན་བཟའ་	NOUN
དང་	དང་	NO_POS
མཆོད་པ་	མཆོད་པ་	VERB
ཕུལ་	ཕུལ་	VERB
།		PUNCT
སོ་སོ་	སོ་སོ་	PRON
འི་	གི་	PART
རྟེན་	རྟེན་	NOUN
སྒམ་	སྒམ་	NO_POS
དུ་	ལ་	PART
བཞག་	བཞག་	VERB
ན་	ནས་	PART
ཕྱག་དམ་	ཕྱག་དམ་	NO_POS
གྱིས་	གིས་	PART
མནན་	མནན་	VERB
།		PUNCT
དབུ་ཞྭ་	དབུ་ཞྭ་	NOUN
དང་	དང་	NO_POS
བསྲེ་འཕོ་	བསྲེ་འཕོ་	NOUN
འི་	གི་	PART
ཞལ་གདམས་	ཞལ་གདམས་	NOUN
ཀྱི་	གི་	PART
ཕྱག་དཔེ་	ཕྱག་དཔེ་	NOUN
སོགས་	སོགས་	DET
གོ་	གོ་	PART
ཤྲཱི་		NON_WORD
རིན་པོ་ཆེ་	རིན་པོ་ཆེ་	ADJ
ར་	ལ་	PART
གཏད་	གཏད་	VERB
དེ་	སྟེ་	PART
ལུང་བསྟན་	ལུང་བསྟན་	NOUN
བཀའ་	བཀའ་	NOUN
རྒྱ་	རྒྱ་	NOUN
ཅན་	ཅན་	PART
མཛད་	མཛད་	VERB
།		PUNCT
ངེད་	ངེད་	PRON
མ་	མ་	PART
སླེབ་	སླེབ་	NO_POS
བ་	བ་	NOUN
རྟེན་	རྟེན་	NOUN
འདི་	འདི་	DET
རྣམས་	རྣམས་	DET
རྒྱ་མ་	རྒྱ་མ་	NO_POS
ཉམས་པ་	ཉམས་པ་	VERB
ར་	ལ་	PART
གྱིས་	གིས་	PART
།		PUNCT
ཤམྦྷ་		NON_WORD
ལ་པ་	ལ་པ་	PART
དང་	དང་	NO_POS
མ་ཁ་པ་	མ་ཁ་པ་	PROPN
རྩོད་པ་	རྩོད་པ་	VERB
ར་	ལ་	PART
ཡོད་པ་	ཡོད་པ་	VERB
ས་	གིས་	PART
རིགས་ལྡན་	རིགས་ལྡན་	PROPN
གྱི་	གི་	PART
གྲོག་	གྲོག་	NOUN
ལ་	ལ་	PART
འགྲོ་	འགྲོ་	VERB
དགོས་པ་	དགོས་པ་	VERB
ར་	ལ་	PART
ཡོད་	ཡོད་	VERB
གསུངས་	གསུངས་	VERB
།		PUNCT
བརྟན་བཞུགས་	བརྟན་བཞུགས་	OTHER
ཀྱི་	གི་	PART
གསོལ་བ་	གསོལ་བ་	VERB
བཏབ་	བཏབ་	VERB
ཀྱང་	ཀྱང་	PART
མ་	མ་	PART
གནང་	གནང་	NO_POS
།		PUNCT
མགུ་	མགུ་	NOUN
དུ་མ་	དུ་མ་	ADJ
མཛད་	མཛད་	VERB
ཅིང་	ཅིང་	PART
ཁྱད་པར་	ཁྱད་པར་	NOUN
ཀ་	ཀ་	DET
བཞི་	བཞི་	NUM
སེང་	སེང་	NOUN
ཆེན་མ་	ཆེན་མ་	NOUN
བྱང་	བྱང་	NOUN
ན་	ནས་	PART
དབུ་	དབུ་	NOUN
ཚུགས་	ཚུགས་	VERB
གསུངས་	གསུངས་	VERB
ཏེ་	སྟེ་	PART
ཡང་ཡང་	ཡང་ཡང་	NO_POS
བཞེངས་	བཞེངས་	NO_POS
།		PUNCT
ས་	ས་	ADP
ཡང་ཡང་	ཡང་ཡང་	NO_POS
གཡོ་བ་	གཡོ་བ་	VERB
དང་	དང་	NO_POS
ཉི་ཟླ་	ཉི་ཟླ་	NOUN
ལ་	ལ་	PART
འོད་	འོད་	NOUN
མེད་པ་	མེད་པ་	VERB
དང་	དང་	NO_POS
།		PUNCT
འདབ་ཆགས་	འདབ་ཆགས་	OTHER
ཐམས་ཅད་	ཐམས་ཅད་	DET
སོ་སོ་	སོ་སོ་	PRON
འི་	གི་	PART
སྡེ་ཚན་	སྡེ་ཚན་	NOUN
དུ་	ལ་	PART
འདུ་	འདུ་	VERB
ན་	ནས་	PART
།		PUNCT
མི་	མི་	PART
བཟོད་བ་	བཟོད་བ་	VERB
འི་	གི་	PART
ཅ་ཅོ་བྱེད་	ཅ་ཅོ་བྱེད་	NO_POS
ཅིང་	ཅིང་	PART
འཕུར་	འཕུར་	NO_POS
ལྡིང་	ལྡིང་	VERB
བྱེད་	བྱེད་	VERB
།		PUNCT
སྔ་	སྔ་	NOUN
བཀའ་ལུང་	བཀའ་ལུང་	NOUN
གནང་བ་	གནང་བ་	NO_POS
འི་	གི་	PART
ཟླ་བ་	ཟླ་བ་	NOUN
དགུ་	དགུ་	NUM
སོང་བ་	སོང་བ་	VERB
འི་	གི་	PART
བྱ་ལོ་	བྱ་ལོ་	NOUN
གསར་ཚེས་	གསར་ཚེས་	NO_POS
ཀྱི་	གི་	PART
ཚེ་	ཚེ་	NOUN
བརྒྱད་	བརྒྱད་	NUM
ཀྱི་	གི་	PART
སྔ་དྲོ་	སྔ་དྲོ་	ADV
ར་	ལ་	PART
ད་ནི་	ད་ནི་	NO_POS
ཁོ་བོ་	ཁོ་བོ་	PRON
ཡང་	ཀྱང་	PART
བཀའ་	བཀའ་	NOUN
བརྒྱུད་	བརྒྱུད་	NO_POS
གོང་མ་	གོང་མ་	ADJ
འི་	གི་	PART
གྲལ་	གྲལ་	NOUN
དུ་	ལ་	PART
སྡོད་པ་	སྡོད་པ་	VERB
ཡིན་པ་	ཡིན་པ་	AUX
ས་	གིས་	PART
།		PUNCT
སངས་རྒྱས་	སངས་རྒྱས་	NOUN
ཐམས་ཅད་	ཐམས་ཅད་	DET
འདུས་པ་	འདུས་པ་	VERB
འི་	གི་	PART
རིན་པོ་ཆེ་	རིན་པོ་ཆེ་	ADJ
།།		PUNCT
ཐུགས་རྗེ་	ཐུགས་རྗེ་	NOUN
འི་	གི་	PART
བདག་ཉིད་	བདག་ཉིད་	NOUN
མཐོང་བ་	མཐོང་བ་	VERB
དོན་ལྡན་	དོན་ལྡན་	ADJ
ལ་	ལ་	PART
།།		PUNCT
གསོལ་བ་	གསོལ་བ་	VERB
འདེབས་	འདེབས་	VERB
སོ་	གོ་	PART
ཐུགས་རྗེ་	ཐུགས་རྗེ་	NOUN
འི་	གི་	PART
སྤྱན་	སྤྱན་	NOUN
གྱིས་	གིས་	PART
གཟིགས་	གཟིགས་	VERB
།།		PUNCT
ཞེ་	ཅེས་	PART
གསོལ་བ་	གསོལ་བ་	VERB
ཐོབ་	ཐོབ་	VERB
ཅིག་	ཅིག་	PART
གསུངས་	གསུངས་	VERB
ཏེ་	སྟེ་	PART
།		PUNCT
མྱ་ངན་	མྱ་ངན་	NOUN
ལ་	ལ་	ADP
ས་	གིས་	PART
འདའ་བ་	འདའ་བ་	VERB
ར་	ལ་	PART
བསྟན་	བསྟན་	VERB
།		PUNCT
སྐུ་གདུང་	སྐུ་གདུང་	NOUN
ཞུགས་	ཞུགས་	VERB
སུ་	ལ་	PART
བཞུས་པ་	བཞུས་པ་	NO_POS
ས་	གིས་	PART
འཇའ་	འཇའ་	NOUN
དང་	དང་	NO_POS
མེ་ཏོག་	མེ་ཏོག་	NOUN
གི་	གི་	PART
ཆ་	ཆ་	NOUN
ར་	ལ་	PART
བབ་	བབ་	VERB
དབུ་	དབུ་	NOUN
བུམ་	བུམ་	NOUN
རིལ་	རིལ་	NO_POS
།		PUNCT
ཐུགས་	ཐུགས་	NOUN
ལྗགས་	ལྗགས་	NOUN
སྤྱན་	སྤྱན་	NOUN
གསུམ་	གསུམ་	NUM
རིང་བསྲེལ་	རིང་བསྲེལ་	NOUN
ཆུ་ཤེལ་	ཆུ་ཤེལ་	OTHER
གྱི་	གི་	PART
མདོག་	མདོག་	NOUN
ཅན་	ཅན་	PART
དུང་	དུང་	NOUN
དཀར་གཡ་	དཀར་གཡའ་	NO_POS
ས་	གིས་	PART
འཁྱིལ་	འཁྱིལ་	NO_POS
གྱི་	གི་	PART
རྣམ་པ་	རྣམ་པ་	NOUN
ཅན་	ཅན་	PART
དུ་མ་	དུ་མ་	ADJ
དང་	དང་	NO_POS
།		PUNCT
རིང་བསྲེལ་	རིང་བསྲེལ་	NOUN
ཁ་དོག་	ཁ་དོག་	NOUN
ལྔ་ལྡན་	ལྔ་ལྡན་	OTHER
བརྒྱ་	བརྒྱ་	NUM
ཕྲག་	ཕྲག་	NUM
དུ་མ་	དུ་མ་	ADJ
སོགས་	སོགས་	DET
བྱོན་	བྱོན་	VERB
ནོ་	གོ་	PART
།།		PUNCT
རྗེ་	རྗེ་	NO_POS
དེ་	སྟེ་	PART
ལ་	ལ་	PART
སློབ་མ་	སློབ་མ་	NOUN
འི་	གི་	PART
ཚོགས་	ཚོགས་	NOUN
བཟང་	བཟང་	VERB
ལ་	ལ་	PART
གྲངས་	གྲངས་	NOUN
མང་བ་	མང་བ་	VERB
རྣམས་	རྣམས་	DET
བྱོན་པ་	བྱོན་པ་	VERB
འི་	གི་	PART
གཙོ་བོ་	གཙོ་བོ་	ADJ
ནི་	ནི་	NO_POS
།		PUNCT
གོ་	གོ་	PART
ཤྲི་		NON_WORD
དཔལ་འབྱོར་	དཔལ་འབྱོར་	OTHER
དོན་གྲུབ་	དོན་གྲུབ་	PROPN
དང་	དང་	NO_POS
།		PUNCT
ཀུན་མཁྱེན་	ཀུན་མཁྱེན་	OTHER
འཇམ་དཔལ་	འཇམ་དཔལ་	PROPN
བཟང་པོ་	བཟང་པོ་	ADJ
།		PUNCT
ཀུན་མཁྱེན་	ཀུན་མཁྱེན་	OTHER
རོང་	རོང་	PROPN
སྟོན་	སྟོན་	VERB
།		PUNCT
སྟག་ལུང་	སྟག་ལུང་	OTHER
ཞབས་དྲུང་	ཞབས་དྲུང་	OTHER
ལ་སོགས་པ་	ལ་སོགས་པ་	NO_POS
རྣམས་	རྣམས་	DET
སོ་	གོ་	PART
།།		PUNCT
